Household_ID,forecast_date,slot,actual,prediction_l1,prediction_l2,l1_minus_l2
106102,2023-11-14,0.0,0.471,0.19385346979438506,0.25491735244200475,-0.061063882647619694
106102,2023-11-14,1.0,0.167,0.29357676685709905,0.3183433885319559,-0.024766621674856826
106102,2023-11-14,2.0,0.361,0.11203445163884991,0.2152882635634348,-0.1032538119245849
106102,2023-11-14,3.0,0.301,0.3002358901585861,0.33629978330933913,-0.036063893150753035
106102,2023-11-14,4.0,0.114,0.13048794058757426,0.21543513271993553,-0.08494719213236127
106102,2023-11-14,5.0,0.502,0.27360169591078615,0.3065896631676741,-0.03298796725688796
106102,2023-11-14,6.0,0.211,0.20185105132024725,0.23050727604025723,-0.028656224720009976
106102,2023-11-14,7.0,0.153,0.2751936581537782,0.3107930843385612,-0.035599426184782956
106102,2023-11-14,8.0,0.543,0.20661770521935371,0.22553628209064144,-0.01891857687128773
106102,2023-11-14,9.0,0.134,0.2834293670492912,0.32454830322585393,-0.041118936176562704
106102,2023-11-14,10.0,0.451,0.22208553041430845,0.2489583067953486,-0.02687277638104016
106102,2023-11-14,11.0,0.136,0.15659340113478734,0.25044647160181893,-0.09385307046703159
106102,2023-11-14,12.0,0.112,0.23114536688150564,0.27837915201105723,-0.04723378512955159
106102,2023-11-14,13.0,0.457,0.21495545897186394,0.2838067831155761,-0.06885132414371217
106102,2023-11-14,14.0,0.11,0.2658215934413657,0.2898675831460156,-0.024045989704649884
106102,2023-11-14,15.0,0.253,0.1538147370039622,0.24500449660823004,-0.09118975960426784
106102,2023-11-14,16.0,0.569,0.19730632368839715,0.3014002779056434,-0.10409395421724624
106102,2023-11-14,17.0,0.184,0.14306581948481403,0.2292002150631961,-0.08613439557838207
106102,2023-11-14,18.0,0.312,0.29690666308600716,0.3614443361913019,-0.06453767310529473
106102,2023-11-14,19.0,0.298,0.10711480043623198,0.21224661898346278,-0.1051318185472308
106102,2023-11-14,20.0,0.308,0.29021140401209305,0.34051591042048196,-0.050304506408388905
106102,2023-11-14,21.0,0.261,0.12007197382203678,0.1940221019418189,-0.07395012811978212
106102,2023-11-14,22.0,0.502,0.28977124810457827,0.32780519750791676,-0.038033949403338485
106102,2023-11-14,23.0,0.274,0.07900076125034644,0.1658906870126401,-0.08688992576229365
106102,2023-11-14,24.0,0.504,0.32174596061889904,0.3547544512682938,-0.03300849064939476
106102,2023-11-14,25.0,0.221,0.20682653656878924,0.2345391393304098,-0.027712602761620547
106102,2023-11-14,26.0,0.544,0.24691944716537892,0.292215945605957,-0.045296498440578065
106102,2023-11-14,27.0,0.151,0.22065726733927246,0.2959818095896283,-0.07532454225035581
106102,2023-11-14,28.0,0.502,0.2152982055977486,0.26315089696532357,-0.04785269136757497
106102,2023-11-14,29.0,0.148,0.20219474533924922,0.2653544630139821,-0.06315971767473286
106102,2023-11-14,30.0,0.494,0.20917249467224333,0.2520336000720684,-0.042861105399825045
106102,2023-11-14,31.0,0.168,0.24745298532669535,0.2873934364103443,-0.039940451083648965
106102,2023-11-14,32.0,0.552,0.22615087507277004,0.27500767282845917,-0.04885679775568913
106102,2023-11-14,33.0,0.115,0.10743771975883781,0.19041799450350255,-0.08298027474466474
106102,2023-11-14,34.0,0.36,0.24055806828594195,0.29302415361849216,-0.052466085332550205
106102,2023-11-14,35.0,0.199,0.1193146616175679,0.24579819776858566,-0.12648353615101776
106102,2023-11-14,36.0,0.247,0.17178019217789342,0.20460417031945302,-0.0328239781415596
106102,2023-11-14,37.0,0.344,0.048228754932898694,0.14482027362301733,-0.09659151869011864
106102,2023-11-14,38.0,0.33,0.19552761988359,0.25035571116683997,-0.054828091283249974
106102,2023-11-14,39.0,0.156,0.06639897101197498,0.13020678529555282,-0.06380781428357785
106102,2023-11-14,40.0,0.166,0.17472291923569552,0.27524723993957034,-0.10052432070387482
106102,2023-11-14,41.0,0.112,0.08021560005269171,0.1284832771998264,-0.0482676771471347
106102,2023-11-14,42.0,0.042,0.06317258924523642,0.1310817847431139,-0.0679091954978775
106102,2023-11-14,43.0,0.078,0.09869668369486297,0.17994424184838603,-0.08124755815352307
106102,2023-11-14,44.0,0.894,0.20566382072162567,0.2980709839696305,-0.09240716324800483
106102,2023-11-14,45.0,0.119,0.11009015122205427,0.17148690014125084,-0.06139674891919657
106102,2023-11-14,46.0,0.585,0.22167013521045262,0.24854705017569148,-0.026876914965238863
106102,2023-11-14,47.0,0.037,0.18289053124530685,0.21842934566597003,-0.03553881442066317
106102,2023-11-14,48.0,0.368,0.15909676135732198,0.18146754756241038,-0.022370786205088394
106102,2023-11-14,49.0,0.169,0.10311050775082581,0.1578361089629196,-0.0547256012120938
106102,2023-11-14,50.0,0.415,0.08108641744413123,0.1607540806391315,-0.07966766319500027
106102,2023-11-14,51.0,0.167,0.17063684715263955,0.21642266687364517,-0.04578581972100562
106102,2023-11-14,52.0,0.454,0.21239789681885107,0.2419168468694555,-0.029518950050604426
106102,2023-11-14,53.0,0.323,0.046584978829734544,0.11302469912068928,-0.06643972029095474
106102,2023-11-14,54.0,0.197,0.16949362262213014,0.21408136732584593,-0.04458774470371579
106102,2023-11-14,55.0,0.446,0.03771564911618105,0.11302469912068928,-0.07530905000450824
106102,2023-11-14,56.0,0.124,0.1141626130578217,0.1918425951880657,-0.077679982130244
106102,2023-11-14,57.0,0.465,0.11868721611890977,0.24691248765762547,-0.1282252715387157
106102,2023-11-14,58.0,0.116,0.1828924831911935,0.2311952346356081,-0.04830275144441459
106102,2023-11-14,59.0,0.5,0.0863098844357505,0.19614843090488376,-0.10983854646913327
106102,2023-11-14,60.0,0.196,0.05735173222073473,0.16017868373293948,-0.10282695151220475
106102,2023-11-14,61.0,0.55,0.11629879056206424,0.24897161295461578,-0.13267282239255154
106102,2023-11-14,62.0,0.219,0.19485539576979483,0.2636545962092787,-0.0687992004394839
106102,2023-11-14,63.0,0.509,0.2550279364702825,0.31279676478344864,-0.057768828313166154
106102,2023-11-14,64.0,0.151,0.10865147069684772,0.24311735034934262,-0.1344658796524949
106102,2023-11-14,65.0,0.503,0.13681616102435845,0.2757729873801205,-0.13895682635576206
106102,2023-11-14,66.0,0.156,0.11601932074570667,0.23806101946368827,-0.1220416987179816
106102,2023-11-14,67.0,0.7,0.27117062565638855,0.34035866128597275,-0.0691880356295842
106102,2023-11-14,68.0,0.869,0.17596378672532045,0.2398353318719243,-0.06387154514660384
106102,2023-11-14,69.0,0.643,0.2402380216295278,0.28870841620553406,-0.04847039457600627
106102,2023-11-14,70.0,0.165,0.22867586638202025,0.3265807516816126,-0.09790488529959235
106102,2023-11-14,71.0,0.52,0.2546279459535895,0.3095901391877864,-0.05496219323419688
106102,2023-11-14,72.0,0.238,0.1990944020659017,0.28282474324876816,-0.08373034118286646
106102,2023-11-14,73.0,0.143,0.2621484350499778,0.3205494701524747,-0.05840103510249689
106102,2023-11-14,74.0,0.61,0.2164739661122373,0.25964698833942673,-0.04317302222718944
106102,2023-11-14,75.0,0.158,0.2839507093105895,0.3359759726872386,-0.05202526337664909
106102,2023-11-14,76.0,0.159,0.17094890669718973,0.2560780748728418,-0.08512916817565205
106102,2023-11-14,77.0,0.637,0.2558775250761545,0.3097192109497543,-0.053841685873599776
106102,2023-11-14,78.0,0.16,0.21467732121126523,0.30093760069832043,-0.0862602794870552
106102,2023-11-14,79.0,0.187,0.2858730405459376,0.3503038435655092,-0.0644308030195716
106102,2023-11-14,80.0,1.033,0.15402116814942937,0.2585172924102513,-0.10449612426082192
106102,2023-11-14,81.0,0.408,0.2792835111408922,0.3258811041236222,-0.046597592982729974
106102,2023-11-14,82.0,0.645,0.15842169547876458,0.25572964392922487,-0.09730794845046029
106102,2023-11-14,83.0,0.197,0.246719416836529,0.3177533907652182,-0.07103397392868918
106102,2023-11-14,84.0,0.498,0.16320692851268248,0.2540198161637979,-0.09081288765111539
106102,2023-11-14,85.0,0.228,0.24055561305223544,0.2898080184990199,-0.04925240544678444
106102,2023-11-14,86.0,0.404,0.21005047681819666,0.28489468561202524,-0.07484420879382858
106102,2023-11-14,87.0,0.332,0.2340568813513648,0.2831826288480045,-0.0491257474966397
106102,2023-11-14,88.0,0.301,0.22774253612614317,0.2838109067726222,-0.05606837064647904
106102,2023-11-14,89.0,0.518,0.19684180023507972,0.22030611410675377,-0.023464313871674053
106102,2023-11-14,90.0,0.172,0.28479121970059096,0.3200133289742509,-0.03522210927365993
106102,2023-11-14,91.0,0.548,0.23231701555771736,0.2501412344214839,-0.017824218863766533
106102,2023-11-14,92.0,0.127,0.23858970006832617,0.26245763979041553,-0.023867939722089365
106102,2023-11-14,93.0,0.13,0.24313359191067763,0.2526395791735734,-0.009505987262895754
106102,2023-11-14,94.0,0.669,0.23078228380459362,0.2846455836907615,-0.053863299886167865
106102,2023-11-14,95.0,0.254,0.25982900137182374,0.2727465671065147,-0.012917565734690939
1061228,2023-04-29,0.0,0.001,0.07717737034720805,0.4570800062221067,-0.37990263587489864
1061228,2023-04-29,1.0,0.001,0.014531555497973763,0.3139958210392847,-0.29946426554131095
1061228,2023-04-29,2.0,0.001,0.014531555497973763,0.29500845372900897,-0.2804768982310352
1061228,2023-04-29,3.0,0.001,0.05917389934275348,0.3248994390884259,-0.2657255397456724
1061228,2023-04-29,4.0,0.001,0.015074816066496738,0.23120698018583521,-0.21613216411933847
1061228,2023-04-29,5.0,0.001,0.017239221819419167,0.1759816886195977,-0.15874246680017853
1061228,2023-04-29,6.0,0.001,0.013629246407604803,0.12087846572260069,-0.10724921931499588
1061228,2023-04-29,7.0,0.0,0.012002550743561637,0.15224282618075038,-0.14024027543718875
1061228,2023-04-29,8.0,0.001,0.011324271041440738,0.1629029598293876,-0.15157868878794686
1061228,2023-04-29,9.0,0.001,0.01262983507248358,0.1618325878733858,-0.14920275280090223
1061228,2023-04-29,10.0,0.001,0.012139677847807014,0.1618325878733858,-0.1496929100255788
1061228,2023-04-29,11.0,0.001,0.015260171194141981,0.2153088858419219,-0.20004871464777993
1061228,2023-04-29,12.0,0.001,0.014851033151470332,0.2135428449853329,-0.19869181183386259
1061228,2023-04-29,13.0,0.001,0.011584756354342312,0.15276010049264718,-0.14117534413830488
1061228,2023-04-29,14.0,0.001,0.01394595511559469,0.17530345969090264,-0.16135750457530795
1061228,2023-04-29,15.0,0.001,0.011599719106237034,0.15150005375704542,-0.1399003346508084
1061228,2023-04-29,16.0,0.001,0.010096716660865514,0.1425776762312487,-0.1324809595703832
1061228,2023-04-29,17.0,0.001,0.012444308324563745,0.08850727680169578,-0.07606296847713204
1061228,2023-04-29,18.0,0.001,0.010169463848449103,0.14919790216273418,-0.13902843831428507
1061228,2023-04-29,19.0,0.0,0.01091462522262337,0.14818847273095345,-0.13727384750833008
1061228,2023-04-29,20.0,0.0,0.013852814795129712,0.17960857997559967,-0.16575576518046997
1061228,2023-04-29,21.0,0.0,0.031250628704971875,0.21857557695226645,-0.18732494824729456
1061228,2023-04-29,22.0,0.0,0.02531828848390617,0.22410263597520216,-0.198784347491296
1061228,2023-04-29,23.0,0.0,0.0854023722365154,0.2632791432291988,-0.17787677099268343
1061228,2023-04-29,24.0,0.0,0.03800629199762598,0.14485415981060432,-0.10684786781297834
1061228,2023-04-29,25.0,0.0,0.013237487631283514,0.14367371037869264,-0.13043622274740913
1061228,2023-04-29,26.0,0.0,0.04870165139703968,0.18750177014069605,-0.1388001187436564
1061228,2023-04-29,27.0,0.0,0.011557859915338716,0.13597569413224705,-0.12441783421690834
1061228,2023-04-29,28.0,0.0,0.010121693851993097,0.13597569413224705,-0.12585400028025395
1061228,2023-04-29,29.0,0.0,0.05639321954234931,0.20377668184856573,-0.1473834623062164
1061228,2023-04-29,30.0,0.0,0.0924753021114335,0.26575414545763276,-0.17327884334619925
1061228,2023-04-29,31.0,0.0,0.06737907437750884,0.22346150588776953,-0.1560824315102607
1061228,2023-04-29,32.0,0.0,0.023315697251617796,0.14476942501929518,-0.12145372776767739
1061228,2023-04-29,33.0,0.0,0.009174249192479441,0.08685314081919027,-0.07767889162671082
1061228,2023-04-29,34.0,0.0,0.009420707962372335,0.05768139231435729,-0.04826068435198495
1061228,2023-04-29,35.0,0.0,0.00926873074988928,0.05290356480942435,-0.04363483405953507
1061228,2023-04-29,36.0,0.0,0.0027514639592785403,0.047545973269815626,-0.044794509310537085
1061228,2023-04-29,37.0,0.0,0.0,0.04996492004474263,-0.04996492004474263
1061228,2023-04-29,38.0,0.0,0.010615328794420405,0.08293975479111136,-0.07232442599669095
1061228,2023-04-29,39.0,0.0,0.006976645316217521,0.08400170390268491,-0.07702505858646738
1061228,2023-04-29,40.0,0.0,0.007202322908622859,0.10687776230731415,-0.09967543939869129
1061228,2023-04-29,41.0,0.0,0.006685006147187634,0.08585884101867622,-0.07917383487148859
1061228,2023-04-29,42.0,0.001,0.006508156640179375,0.059777805980884106,-0.05326964934070473
1061228,2023-04-29,43.0,0.021,0.006701258640661599,0.12676971372152523,-0.12006845508086364
1061228,2023-04-29,44.0,0.0,0.005370046810689486,0.10554556664340356,-0.10017551983271407
1061228,2023-04-29,45.0,0.04,0.0070594154949326395,0.08166678812594111,-0.07460737263100847
1061228,2023-04-29,46.0,0.0,0.007109415497307512,0.08147488511765323,-0.07436546962034572
1061228,2023-04-29,47.0,0.0,0.006635006144812761,0.08308289772913958,-0.07644789158432683
1061228,2023-04-29,48.0,0.0,0.005656004274350556,0.10024910458844914,-0.09459310031409858
1061228,2023-04-29,49.0,0.0,0.005706004276725428,0.10024910458844914,-0.09454310031172372
1061228,2023-04-29,50.0,0.015,0.005545456701233591,0.10293843922015572,-0.09739298251892213
1061228,2023-04-29,51.0,0.005,0.005706004276725428,0.10024910458844914,-0.09454310031172372
1061228,2023-04-29,52.0,0.131,0.005545456701233591,0.09802680992113887,-0.09248135321990528
1061228,2023-04-29,53.0,0.119,0.009447856818802176,0.04527650558975307,-0.03582864877095089
1061228,2023-04-29,54.0,0.0,0.00796041478938684,0.04527650558975307,-0.03731609080036623
1061228,2023-04-29,55.0,0.0,0.0056387945813925824,0.09619107128548099,-0.09055227670408841
1061228,2023-04-29,56.0,0.007,0.0038470161546279792,0.1332405728587144,-0.12939355670408642
1061228,2023-04-29,57.0,0.226,0.00551118479072158,0.1535533156573511,-0.14804213086662954
1061228,2023-04-29,58.0,0.25,0.003684564126401659,0.16094657878028198,-0.15726201465388032
1061228,2023-04-29,59.0,0.192,0.007411927912774983,0.08627205444029855,-0.07886012652752357
1061228,2023-04-29,60.0,0.0,0.006652644314440503,0.1127646252971416,-0.1061119809827011
1061228,2023-04-29,61.0,0.0,0.006044686600172439,0.18520915288101455,-0.17916446628084212
1061228,2023-04-29,62.0,0.0,0.006876456832419287,0.24130156039801284,-0.23442510356559357
1061228,2023-04-29,63.0,0.0,0.009699332132887858,0.20664370393848655,-0.1969443718055987
1061228,2023-04-29,64.0,0.0,0.013767460354734355,0.2341997613388189,-0.22043230098408453
1061228,2023-04-29,65.0,0.0,0.01800916935657997,0.23319440370519448,-0.2151852343486145
1061228,2023-04-29,66.0,0.0,0.012850762025793008,0.21610882688914876,-0.20325806486335574
1061228,2023-04-29,67.0,0.0,0.02459634594214506,0.27769305361592417,-0.2530967076737791
1061228,2023-04-29,68.0,0.0,0.02387677530711602,0.30661176529407486,-0.28273498998695884
1061228,2023-04-29,69.0,0.0,0.02390556195802668,0.3280562273202167,-0.30415066536219004
1061228,2023-04-29,70.0,0.0,0.025970708211502134,0.3511352475089178,-0.3251645392974156
1061228,2023-04-29,71.0,0.0,0.027367830131138724,0.35821146222498423,-0.3308436320938455
1061228,2023-04-29,72.0,0.0,0.02810182214503267,0.40185826143615444,-0.3737564392911218
1061228,2023-04-29,73.0,0.001,0.0227361974261954,0.2890150576060792,-0.2662788601798838
1061228,2023-04-29,74.0,0.001,0.022450798946026963,0.28916294761271716,-0.2667121486666902
1061228,2023-04-29,75.0,0.001,0.028940252264233152,0.32872001567166564,-0.2997797634074325
1061228,2023-04-29,76.0,0.001,0.02933451065860745,0.3367944392635008,-0.30745992860489335
1061228,2023-04-29,77.0,0.001,0.028395757597018376,0.3925407846038529,-0.3641450270068345
1061228,2023-04-29,78.0,0.002,0.07352825866647458,0.4398387426232531,-0.36631048395677857
1061228,2023-04-29,79.0,0.001,0.07406004124838778,0.43989951591749504,-0.36583947466910727
1061228,2023-04-29,80.0,0.001,0.028388778724622473,0.41360255769891846,-0.385213778974296
1061228,2023-04-29,81.0,0.001,0.029125900945833217,0.3322296083944068,-0.30310370744857357
1061228,2023-04-29,82.0,0.001,0.018628307813239816,0.2333493314728211,-0.2147210236595813
1061228,2023-04-29,83.0,0.001,0.02106271357914639,0.23860085111566487,-0.2175381375365185
1061228,2023-04-29,84.0,0.001,0.021102115533904394,0.2420828000086339,-0.22098068447472952
1061228,2023-04-29,85.0,0.001,0.02869449937249433,0.3252533819829,-0.29655888261040564
1061228,2023-04-29,86.0,0.001,0.030704252210509996,0.40661656843833927,-0.3759123162278293
1061228,2023-04-29,87.0,0.002,0.07571209076485538,0.44728250408526116,-0.37157041332040575
1061228,2023-04-29,88.0,0.001,0.07609771410703262,0.45241913906336306,-0.3763214249563305
1061228,2023-04-29,89.0,0.001,0.029799523116412555,0.4099320440123366,-0.3801325208959241
1061228,2023-04-29,90.0,0.001,0.029690914286411213,0.3756921410046239,-0.34600122671821265
1061228,2023-04-29,91.0,0.001,0.017398776365611962,0.23165316170140665,-0.2142543853357947
1061228,2023-04-29,92.0,0.001,0.014279329132561552,0.24780516778428197,-0.2335258386517204
1061228,2023-04-29,93.0,0.001,0.10841308620178955,0.5959374955927905,-0.48752440939100095
1061228,2023-04-29,94.0,0.001,0.10841308620178955,0.5959374955927905,-0.48752440939100095
1061228,2023-04-29,95.0,0.002,0.10871611561247793,0.6322003726347336,-0.5234842570222557
108511,2023-07-20,0.0,0.055,0.05895865471368729,0.07533024545533407,-0.016371590741646777
108511,2023-07-20,1.0,0.048,0.05516272772529597,0.07304697902855978,-0.017884251303263807
108511,2023-07-20,2.0,0.078,0.058795526546955565,0.09715056412854045,-0.038355037581584886
108511,2023-07-20,3.0,0.06,0.060237281294457254,0.08131209817651461,-0.021074816882057354
108511,2023-07-20,4.0,0.05,0.06197960330793391,0.07531120487505116,-0.013331601567117254
108511,2023-07-20,5.0,0.045,0.05445196134894256,0.07325186052868712,-0.01879989917974456
108511,2023-07-20,6.0,0.064,0.05590171419039174,0.08229481133631894,-0.026393097145927198
108511,2023-07-20,7.0,0.08,0.06235644964801907,0.08118880825897418,-0.018832358610955106
108511,2023-07-20,8.0,0.045,0.06076079999392821,0.07024349748431338,-0.009482697490385175
108511,2023-07-20,9.0,0.047,0.05907701743595781,0.07430716303023469,-0.015230145594276878
108511,2023-07-20,10.0,0.057,0.054880181599050906,0.07036054010871912,-0.01548035850966821
108511,2023-07-20,11.0,0.073,0.06082095555488577,0.092102764774078,-0.03128180921919223
108511,2023-07-20,12.0,0.058,0.05783380051531307,0.09569510226186045,-0.037861301746547386
108511,2023-07-20,13.0,0.054,0.06644187049835715,0.08962454845892104,-0.02318267796056389
108511,2023-07-20,14.0,0.047,0.06311757853217027,0.09438162599798114,-0.031264047465810865
108511,2023-07-20,15.0,0.053,0.059153250976881046,0.10170456002579686,-0.04255130904891582
108511,2023-07-20,16.0,0.084,0.10703883628515602,0.15772905425125436,-0.050690217966098336
108511,2023-07-20,17.0,0.051,0.07498257867187016,0.13756950038396515,-0.06258692171209498
108511,2023-07-20,18.0,0.044,0.06748072089855883,0.10270346310578111,-0.03522274220722228
108511,2023-07-20,19.0,0.049,0.08272779799486814,0.12223998792182679,-0.03951218992695865
108511,2023-07-20,20.0,0.074,0.09035397496436905,0.1377721646172059,-0.047418189652836853
108511,2023-07-20,21.0,0.068,0.07655692111236614,0.14538599775299407,-0.06882907664062793
108511,2023-07-20,22.0,0.106,0.0775017073323995,0.14041299216211064,-0.06291128482971114
108511,2023-07-20,23.0,0.06,0.07258262579497393,0.13982859439110976,-0.06724596859613582
108511,2023-07-20,24.0,0.072,0.09071166955915524,0.16149194801459923,-0.07078027845544399
108511,2023-07-20,25.0,0.069,0.08138048169003827,0.1533400635201106,-0.07195958183007233
108511,2023-07-20,26.0,0.069,0.08650268418037622,0.19010789310518147,-0.10360520892480525
108511,2023-07-20,27.0,0.062,0.07685215605893168,0.17115553343578624,-0.09430337737685456
108511,2023-07-20,28.0,0.068,0.06792780988899746,0.15479124394530508,-0.08686343405630761
108511,2023-07-20,29.0,0.091,0.0955756704276928,0.18998701831618278,-0.09441134788848998
108511,2023-07-20,30.0,0.06,0.09367967696767224,0.17581313308658805,-0.08213345611891582
108511,2023-07-20,31.0,0.054,0.08145348352964665,0.18447491694460905,-0.1030214334149624
108511,2023-07-20,32.0,0.057,0.07733829235941309,0.16386983592381105,-0.08653154356439796
108511,2023-07-20,33.0,0.088,0.09231561854087522,0.17206421049043563,-0.07974859194956041
108511,2023-07-20,34.0,0.063,0.08194397391829869,0.1669787564340686,-0.0850347825157699
108511,2023-07-20,35.0,0.055,0.06942108778399644,0.1664872989538581,-0.09706621116986167
108511,2023-07-20,36.0,0.065,0.10289009242094427,0.17802012374338605,-0.07513003132244178
108511,2023-07-20,37.0,0.064,0.10865894643943338,0.2064085509246334,-0.09774960448520001
108511,2023-07-20,38.0,0.08,0.10063127240544723,0.16521040141830637,-0.06457912901285914
108511,2023-07-20,39.0,0.064,0.09225180296036312,0.21746227370498455,-0.12521047074462144
108511,2023-07-20,40.0,0.049,0.079641570480043,0.1795266506407848,-0.0998850801607418
108511,2023-07-20,41.0,0.121,0.07210332379202294,0.17392305487415044,-0.1018197310821275
108511,2023-07-20,42.0,0.157,0.08478864051711756,0.16829776148131192,-0.08350912096419437
108511,2023-07-20,43.0,0.052,0.05802526881998569,0.12891578192318578,-0.0708905131032001
108511,2023-07-20,44.0,0.046,0.10326705901455119,0.1948825519290762,-0.091615492914525
108511,2023-07-20,45.0,0.07,0.10428832633978144,0.19385780048066384,-0.0895694741408824
108511,2023-07-20,46.0,0.074,0.09402187964860198,0.17009755228674384,-0.07607567263814186
108511,2023-07-20,47.0,0.05,0.09219407099585428,0.18198872792920306,-0.08979465693334879
108511,2023-07-20,48.0,0.052,0.09797161086384334,0.15230043303342636,-0.05432882216958301
108511,2023-07-20,49.0,0.08,0.07740702122369945,0.14908233605860358,-0.07167531483490412
108511,2023-07-20,50.0,0.071,0.09154663019830724,0.1704640398149571,-0.07891740961664988
108511,2023-07-20,51.0,0.054,0.1688990884621403,0.2215782611472274,-0.052679172685087094
108511,2023-07-20,52.0,0.059,0.08632573840828137,0.17828918473805,-0.09196344632976863
108511,2023-07-20,53.0,0.064,0.08193268253800103,0.16690133047612393,-0.08496864793812291
108511,2023-07-20,54.0,0.08,0.08077665184393977,0.16656548742965135,-0.08578883558571158
108511,2023-07-20,55.0,0.054,0.08498271407953457,0.1573715770519297,-0.07238886297239512
108511,2023-07-20,56.0,0.129,0.17358921704531996,0.22201832784474715,-0.04842911079942719
108511,2023-07-20,57.0,0.17,0.18349165363916414,0.249515867486827,-0.06602421384766285
108511,2023-07-20,58.0,0.203,0.20905478048251158,0.27116818920733987,-0.06211340872482829
108511,2023-07-20,59.0,0.212,0.209284219456434,0.27757012496313904,-0.06828590550670505
108511,2023-07-20,60.0,0.206,0.22269853345654142,0.29733527580779007,-0.07463674235124865
108511,2023-07-20,61.0,0.203,0.2130301946050199,0.2973247620852591,-0.0842945674802392
108511,2023-07-20,62.0,0.195,0.2419013223486264,0.31691807983094217,-0.07501675748231576
108511,2023-07-20,63.0,0.188,0.20270627082048623,0.3159177663280397,-0.11321149550755347
108511,2023-07-20,64.0,0.187,0.23492972289073047,0.3139588662288535,-0.07902914333812303
108511,2023-07-20,65.0,0.208,0.22329355423050054,0.32054238000972596,-0.09724882577922542
108511,2023-07-20,66.0,0.216,0.19065224335887274,0.25924909272069036,-0.06859684936181762
108511,2023-07-20,67.0,0.194,0.09726649115363081,0.20586269502519702,-0.10859620387156621
108511,2023-07-20,68.0,0.088,0.08743233677684943,0.1652520687227547,-0.07781973194590526
108511,2023-07-20,69.0,0.052,0.10324446210259823,0.16507646041658475,-0.061831998313986516
108511,2023-07-20,70.0,0.077,0.08674659041523393,0.1555102391381797,-0.06876364872294578
108511,2023-07-20,71.0,0.053,0.07643622240982008,0.15272821912408932,-0.07629199671426924
108511,2023-07-20,72.0,0.054,0.07761327082771059,0.14144761260428426,-0.06383434177657367
108511,2023-07-20,73.0,0.045,0.09037451368527766,0.14878054442734392,-0.05840603074206627
108511,2023-07-20,74.0,0.065,0.1021313920601379,0.15853172064726326,-0.05640032858712536
108511,2023-07-20,75.0,0.078,0.08585182657490993,0.14559097960749182,-0.059739153032581885
108511,2023-07-20,76.0,0.06,0.10336638105535136,0.1614622991229777,-0.05809591806762633
108511,2023-07-20,77.0,0.059,0.10652671680505635,0.16386098968249643,-0.057334272877440084
108511,2023-07-20,78.0,0.063,0.13152323439614985,0.1899395271014471,-0.058416292705297246
108511,2023-07-20,79.0,0.108,0.10832323495833283,0.16628654186374864,-0.057963306905415804
108511,2023-07-20,80.0,0.116,0.10835740848416645,0.16649394015997718,-0.05813653167581073
108511,2023-07-20,81.0,0.065,0.10074888637392164,0.15098187827471435,-0.05023299190079271
108511,2023-07-20,82.0,0.085,0.10930493226465138,0.1618854720951722,-0.05258053983052083
108511,2023-07-20,83.0,0.095,0.12072828756113754,0.1587173407895025,-0.03798905322836496
108511,2023-07-20,84.0,0.083,0.09570176971517295,0.15146966884466426,-0.0557678991294913
108511,2023-07-20,85.0,0.054,0.09793414080535733,0.1458993848016142,-0.04796524399625689
108511,2023-07-20,86.0,0.065,0.11759247984264615,0.14912534379074474,-0.031532863948098594
108511,2023-07-20,87.0,0.055,0.09884965587214067,0.1366334946234007,-0.03778383875126001
108511,2023-07-20,88.0,0.089,0.08396292851565407,0.1252666653622667,-0.04130373684661262
108511,2023-07-20,89.0,0.055,0.09484568136430727,0.1326348269207647,-0.03778914555645743
108511,2023-07-20,90.0,0.051,0.10054049563021139,0.13206701201268226,-0.031526516382470865
108511,2023-07-20,91.0,0.05,0.0781496671307384,0.11255635987094598,-0.03440669274020758
108511,2023-07-20,92.0,0.076,0.059988321091471335,0.09521875493558468,-0.03523043384411335
108511,2023-07-20,93.0,0.066,0.06622107636945054,0.104396709735456,-0.03817563336600546
108511,2023-07-20,94.0,0.045,0.07075308531478419,0.1008086154505429,-0.030055530135758707
108511,2023-07-20,95.0,0.056,0.08718061918306727,0.12222549405503846,-0.03504487487197119
1111201,2023-08-18,0.0,0.172,0.33480440264413536,0.7692478931409298,-0.4344434904967944
1111201,2023-08-18,1.0,0.158,0.19051130451435982,0.5719389808538563,-0.3814276763394965
1111201,2023-08-18,2.0,0.156,0.19772679937887166,0.5792729661667921,-0.38154616678792047
1111201,2023-08-18,3.0,0.178,0.19051130451435982,0.5641291125666481,-0.3736178080522883
1111201,2023-08-18,4.0,0.155,0.15224557807705147,0.28049629861213543,-0.12825072053508396
1111201,2023-08-18,5.0,0.17,0.1419697173096322,0.22268119385008844,-0.08071147654045624
1111201,2023-08-18,6.0,0.168,0.14061198681763304,0.2244708537474432,-0.08385886692981015
1111201,2023-08-18,7.0,0.165,0.14231457590889635,0.2266878941459909,-0.08437331823709454
1111201,2023-08-18,8.0,0.172,0.1444429189173289,0.2288904090159179,-0.08444749009858898
1111201,2023-08-18,9.0,0.177,0.16767168003618693,0.27018623172480916,-0.10251455168862222
1111201,2023-08-18,10.0,0.162,0.14673286852719572,0.3252564223694596,-0.1785235538422639
1111201,2023-08-18,11.0,0.169,0.17805808733971626,0.32597342943582397,-0.1479153420961077
1111201,2023-08-18,12.0,0.165,0.18988637074284032,0.40637528546138263,-0.2164889147185423
1111201,2023-08-18,13.0,0.16,0.19662800604141678,0.3608182027315503,-0.16419019669013352
1111201,2023-08-18,14.0,0.173,0.1734444445337934,0.2788463404996924,-0.10540189596589902
1111201,2023-08-18,15.0,0.168,0.1629464735307342,0.26574685017520494,-0.10280037664447075
1111201,2023-08-18,16.0,0.197,0.14565133194385022,0.2106709679807907,-0.0650196360369405
1111201,2023-08-18,17.0,0.321,0.14449239107287654,0.2118884365777365,-0.06739604550485997
1111201,2023-08-18,18.0,0.168,0.15032120165941865,0.21544030225155142,-0.06511910059213277
1111201,2023-08-18,19.0,0.085,0.08742705182292577,0.18983288185253708,-0.1024058300296113
1111201,2023-08-18,20.0,0.018,0.0729066033880727,0.15871041682024611,-0.08580381343217341
1111201,2023-08-18,21.0,0.004,0.029662643895372577,0.10305833189795495,-0.07339568800258237
1111201,2023-08-18,22.0,0.017,0.011441467608486461,0.10285552786235956,-0.0914140602538731
1111201,2023-08-18,23.0,0.005,0.012736007835887532,0.08750924370301852,-0.07477323586713099
1111201,2023-08-18,24.0,0.262,0.012681274509936849,0.10982772189032815,-0.0971464473803913
1111201,2023-08-18,25.0,0.045,0.007697345733262944,0.07161114747301423,-0.06391380173975128
1111201,2023-08-18,26.0,0.012,0.0027944499659519617,0.06592007021523738,-0.06312562024928542
1111201,2023-08-18,27.0,0.02,0.0,0.06251164282601776,-0.06251164282601776
1111201,2023-08-18,28.0,0.002,0.006595567657007875,0.0632749227013499,-0.05667935504434203
1111201,2023-08-18,29.0,0.0,0.008647533942814376,0.06248474385996342,-0.05383720991714905
1111201,2023-08-18,30.0,0.0,0.001381898676840404,0.07289198160409023,-0.07151008292724982
1111201,2023-08-18,31.0,0.0,0.007954946758719422,0.0940345619332356,-0.08607961517451618
1111201,2023-08-18,32.0,0.0,0.0,0.10182981972778679,-0.10182981972778679
1111201,2023-08-18,33.0,0.0,0.0013501786904855017,0.07413413421074301,-0.07278395552025752
1111201,2023-08-18,34.0,0.0,0.0077947891108518,0.05545042136973861,-0.047655632258886804
1111201,2023-08-18,35.0,0.0,0.005267580070646046,0.0563779803494382,-0.051110400278792156
1111201,2023-08-18,36.0,0.0,0.0032252354242246653,0.07599476267771296,-0.0727695272534883
1111201,2023-08-18,37.0,0.0,0.0,0.05109757441504561,-0.05109757441504561
1111201,2023-08-18,38.0,0.0,0.0,0.056578580352467066,-0.056578580352467066
1111201,2023-08-18,39.0,0.0,0.0,0.053948940937117766,-0.053948940937117766
1111201,2023-08-18,40.0,0.0,0.0065286499615955325,0.044682889922175804,-0.038154239960580275
1111201,2023-08-18,41.0,0.0,0.004447903355951944,0.0445964672488628,-0.040148563892910855
1111201,2023-08-18,42.0,0.0,0.004447903355951944,0.0445964672488628,-0.040148563892910855
1111201,2023-08-18,43.0,0.0,0.004447903355951944,0.04553082686668463,-0.041082923510732686
1111201,2023-08-18,44.0,0.0,0.004447903355951944,0.04878896497041717,-0.04434106161446522
1111201,2023-08-18,45.0,0.0,0.004447903355951944,0.04940044470517578,-0.044952541349223836
1111201,2023-08-18,46.0,0.0,0.004447903355951944,0.04940044470517578,-0.044952541349223836
1111201,2023-08-18,47.0,0.0,0.005743629006573782,0.04940044470517578,-0.043656815698602
1111201,2023-08-18,48.0,0.0,0.0,0.06621815826893604,-0.06621815826893604
1111201,2023-08-18,49.0,0.0,0.0,0.07048700890146503,-0.07048700890146503
1111201,2023-08-18,50.0,0.0,0.004665578133305459,0.07048700890146503,-0.06582143076815958
1111201,2023-08-18,51.0,0.0,0.0093734896797797,0.07048700890146503,-0.06111351922168533
1111201,2023-08-18,52.0,0.0,0.0093734896797797,0.07048700890146503,-0.06111351922168533
1111201,2023-08-18,53.0,0.0,0.0,0.06775767021077919,-0.06775767021077919
1111201,2023-08-18,54.0,0.0,0.0,0.07367437071784227,-0.07367437071784227
1111201,2023-08-18,55.0,0.122,0.007189445426033571,0.07367437071784227,-0.0664849252918087
1111201,2023-08-18,56.0,0.809,0.0,0.07648561977092971,-0.07648561977092971
1111201,2023-08-18,57.0,0.461,0.0,0.10219125796470899,-0.10219125796470899
1111201,2023-08-18,58.0,0.284,0.0,0.12729542633688154,-0.12729542633688154
1111201,2023-08-18,59.0,0.468,0.0,0.1273182217551132,-0.1273182217551132
1111201,2023-08-18,60.0,0.614,0.0,0.11131922632501222,-0.11131922632501222
1111201,2023-08-18,61.0,0.767,0.0026680037872340735,0.1503532781649436,-0.1476852743777095
1111201,2023-08-18,62.0,0.932,0.002936645925419995,0.15225742734311284,-0.14932078141769284
1111201,2023-08-18,63.0,0.623,0.0004425411309484974,0.1827184877870693,-0.18227594665612082
1111201,2023-08-18,64.0,0.0,0.007430477172547061,0.2684378256651535,-0.26100734849260643
1111201,2023-08-18,65.0,0.61,0.00289073119440863,0.26308834730730474,-0.2601976161128961
1111201,2023-08-18,66.0,1.459,0.002281609214095026,0.26744125451846146,-0.2651596453043664
1111201,2023-08-18,67.0,1.692,0.0033285109609164057,0.26358070375982723,-0.2602521927989108
1111201,2023-08-18,68.0,1.928,0.010051533270787847,0.2643708826012137,-0.2543193493304259
1111201,2023-08-18,69.0,2.16,0.007238920355673341,0.2643708826012137,-0.25713196224554036
1111201,2023-08-18,70.0,2.41,0.01598925941915271,0.28025735284015235,-0.26426809342099966
1111201,2023-08-18,71.0,3.029,0.014910660203740185,0.34387090801462555,-0.32896024781088534
1111201,2023-08-18,72.0,3.037,0.08330877714398838,0.4711945362809833,-0.3878857591369949
1111201,2023-08-18,73.0,3.091,0.1315084144582006,0.5268174053930058,-0.3953089909348052
1111201,2023-08-18,74.0,3.084,0.18640171541348355,0.5237579988769318,-0.3373562834634482
1111201,2023-08-18,75.0,3.09,0.1908384940249693,0.5045728861562019,-0.31373439213123255
1111201,2023-08-18,76.0,3.008,0.2009573412246204,0.570179405442803,-0.3692220642181826
1111201,2023-08-18,77.0,3.007,0.1868250051244037,0.5382468815030599,-0.3514218763786562
1111201,2023-08-18,78.0,3.02,0.21937805237783617,0.6630735365026373,-0.4436954841248012
1111201,2023-08-18,79.0,3.02,0.2498862356463222,0.8674537652541403,-0.6175675296078181
1111201,2023-08-18,80.0,3.012,0.25225691192225386,0.8444999367367643,-0.5922430248145104
1111201,2023-08-18,81.0,3.02,0.2250250656755476,0.7779520203289696,-0.552926954653422
1111201,2023-08-18,82.0,2.999,0.22966286407537856,0.7731824805238637,-0.5435196164484852
1111201,2023-08-18,83.0,3.142,0.2686569565909849,0.8337354828798856,-0.5650785262889008
1111201,2023-08-18,84.0,1.004,0.42230103392455776,0.9337554983354085,-0.5114544644108507
1111201,2023-08-18,85.0,0.456,0.3284402998225644,0.8442364740033745,-0.5157961741808101
1111201,2023-08-18,86.0,0.42,0.3274280058852783,0.8487394262026169,-0.5213114203173386
1111201,2023-08-18,87.0,0.222,0.7722451159094248,1.3738592321760033,-0.6016141162665785
1111201,2023-08-18,88.0,0.229,0.714150848959786,1.3043921878148932,-0.5902413388551072
1111201,2023-08-18,89.0,0.296,0.721043202450502,1.280270497839035,-0.5592272953885329
1111201,2023-08-18,90.0,0.547,0.7245792550812168,1.278097941355503,-0.5535186862742861
1111201,2023-08-18,91.0,0.446,0.6485661541266508,1.20989745188614,-0.5613312977594893
1111201,2023-08-18,92.0,0.262,0.9257018532272782,1.4246573458272203,-0.4989554925999421
1111201,2023-08-18,93.0,0.253,0.9665127955783378,1.4212625902618763,-0.4547497946835385
1111201,2023-08-18,94.0,0.228,0.9665127955783378,1.4212625902618763,-0.4547497946835385
1111201,2023-08-18,95.0,0.225,0.5864704816573005,1.2159260262177822,-0.6294555445604817
111901,2023-04-02,0.0,0.132,0.20888311560219977,0.3870437506159875,-0.17816063501378773
111901,2023-04-02,1.0,0.335,0.21123545031506943,0.3893282881426926,-0.17809283782762317
111901,2023-04-02,2.0,0.343,0.26096119876489765,0.39164370727563613,-0.13068250851073848
111901,2023-04-02,3.0,0.337,0.26096119876489765,0.3843985382056279,-0.12343733944073026
111901,2023-04-02,4.0,0.36,0.2523158367722601,0.3876133612309572,-0.13529752445869708
111901,2023-04-02,5.0,0.365,0.23594792564307351,0.3758465638304529,-0.13989863818737938
111901,2023-04-02,6.0,0.271,0.23341380526830627,0.3782548957153082,-0.1448410904470019
111901,2023-04-02,7.0,0.029,0.22927296929736088,0.38381835726675945,-0.15454538796939857
111901,2023-04-02,8.0,0.031,0.2578033138639366,0.4092392932005386,-0.15143597933660197
111901,2023-04-02,9.0,0.028,0.2731724627056154,0.38939422405186536,-0.11622176134624995
111901,2023-04-02,10.0,0.032,0.28452107308911984,0.4472648219230457,-0.16274374883392584
111901,2023-04-02,11.0,0.472,0.28677755778292435,0.4371902835086948,-0.15041272572577047
111901,2023-04-02,12.0,0.697,0.2856437389148671,0.47000525569615714,-0.18436151678129004
111901,2023-04-02,13.0,0.721,0.39489876721022127,0.49157310988044006,-0.0966743426702188
111901,2023-04-02,14.0,0.573,0.37062558071056456,0.4785783601969716,-0.10795277948640702
111901,2023-04-02,15.0,0.373,0.4335469791552554,0.5279380284687997,-0.09439104931354425
111901,2023-04-02,16.0,0.376,0.5123643518702952,0.5413668010451358,-0.029002449174840628
111901,2023-04-02,17.0,0.385,0.5258270037617472,0.5330442281607307,-0.007217224398983535
111901,2023-04-02,18.0,0.6,0.5411764570468665,0.5546719685409035,-0.013495511494037049
111901,2023-04-02,19.0,0.437,0.4086166437197849,0.4992151353268672,-0.09059849160708228
111901,2023-04-02,20.0,0.438,0.4551187981769087,0.54380614610578,-0.08868734792887134
111901,2023-04-02,21.0,0.439,0.3496095895875751,0.4885127766460538,-0.1389031870584787
111901,2023-04-02,22.0,0.129,0.3148857355975012,0.4523532338573669,-0.1374674982598657
111901,2023-04-02,23.0,0.082,0.30160031092431705,0.43294788687947117,-0.13134757595515412
111901,2023-04-02,24.0,0.079,0.3119930047006072,0.4548486410229212,-0.14285563632231402
111901,2023-04-02,25.0,0.216,0.43292309820512953,0.548074775580279,-0.11515167737514942
111901,2023-04-02,26.0,0.518,0.5426070128541147,0.5748836849284895,-0.03227667207437479
111901,2023-04-02,27.0,0.52,0.563068851760373,0.5821063847245144,-0.019037532964141346
111901,2023-04-02,28.0,0.576,0.47971473956804905,0.5355353677061887,-0.05582062813813965
111901,2023-04-02,29.0,0.378,0.5496354565930214,0.5497750949680809,-0.00013963837505948096
111901,2023-04-02,30.0,0.381,0.4359368169616378,0.5082935349254581,-0.07235671796382037
111901,2023-04-02,31.0,0.378,0.46565261803934516,0.5002220199956889,-0.03456940195634378
111901,2023-04-02,32.0,0.39,0.359314389242738,0.4820622384659986,-0.1227478492232606
111901,2023-04-02,33.0,0.303,0.3785994886436962,0.49162764878095,-0.11302816013725381
111901,2023-04-02,34.0,0.028,0.45481068816380815,0.5173854402270383,-0.0625747520632301
111901,2023-04-02,35.0,0.027,0.5184669951617638,0.573663566253073,-0.055196571091309266
111901,2023-04-02,36.0,0.032,0.4498859642261464,0.5119641030640089,-0.06207813883786245
111901,2023-04-02,37.0,0.154,0.3475324128408026,0.4825216751781391,-0.1349892623373365
111901,2023-04-02,38.0,0.355,0.2617040571909649,0.38804868903376466,-0.12634463184279976
111901,2023-04-02,39.0,0.375,0.2713108973011449,0.4393526809015514,-0.1680417836004065
111901,2023-04-02,40.0,0.773,0.30434736729807843,0.4556079899831587,-0.15126062268508028
111901,2023-04-02,41.0,1.032,0.3061575008662052,0.4679180173219879,-0.1617605164557827
111901,2023-04-02,42.0,1.113,0.4274266737428322,0.5342379283892593,-0.1068112546464271
111901,2023-04-02,43.0,0.376,0.5820676254045916,0.5557113755753637,0.026356249829227907
111901,2023-04-02,44.0,0.048,0.5176862160799245,0.52426966617016,-0.006583450090235532
111901,2023-04-02,45.0,0.044,0.4418549292960377,0.48454991381052176,-0.04269498451448406
111901,2023-04-02,46.0,0.292,0.3481579952644122,0.46403526757434754,-0.11587727230993533
111901,2023-04-02,47.0,0.669,0.360609072544226,0.5060719977865948,-0.14546292524236887
111901,2023-04-02,48.0,0.838,0.49499677943175696,0.5419028170242803,-0.046906037592523375
111901,2023-04-02,49.0,1.362,0.4595880809932577,0.5303851329383036,-0.07079705194504587
111901,2023-04-02,50.0,1.692,0.3455886475914217,0.48420310457448473,-0.13861445698306302
111901,2023-04-02,51.0,0.911,0.4007784193434089,0.49050566505329296,-0.08972724570988405
111901,2023-04-02,52.0,0.443,0.3948117506822788,0.48137086750535835,-0.08655911682307954
111901,2023-04-02,53.0,0.437,0.5643585674637555,0.5531413115551432,0.011217255908612223
111901,2023-04-02,54.0,0.665,0.44913276180741096,0.5082915967240945,-0.059158834916683556
111901,2023-04-02,55.0,0.525,0.44408223537134467,0.5301587055788891,-0.08607647020754444
111901,2023-04-02,56.0,0.396,0.3642833876239039,0.48290832543114076,-0.11862493780723687
111901,2023-04-02,57.0,0.075,0.41830619600488916,0.4972532156117294,-0.07894701960684025
111901,2023-04-02,58.0,0.083,0.45342268464829905,0.5303023551600516,-0.0768796705117526
111901,2023-04-02,59.0,0.048,0.5838006591750797,0.6721555186101559,-0.08835485943507615
111901,2023-04-02,60.0,0.052,0.5024564311250687,0.5553195532393503,-0.05286312211428168
111901,2023-04-02,61.0,0.15,0.46253298082224115,0.5317058113405215,-0.06917283051828038
111901,2023-04-02,62.0,0.413,0.4784715280974688,0.5214023467983836,-0.04293081870091481
111901,2023-04-02,63.0,0.353,0.4153789182888999,0.5082851116867145,-0.09290619339781464
111901,2023-04-02,64.0,0.354,0.4232552995402564,0.5228440503151999,-0.09958875077494345
111901,2023-04-02,65.0,0.37,0.4417269235947946,0.5255374749921217,-0.08381055139732707
111901,2023-04-02,66.0,0.287,0.3784249023856094,0.514104718992088,-0.1356798166064786
111901,2023-04-02,67.0,0.041,0.36217716507946185,0.5066831544708321,-0.14450598939137027
111901,2023-04-02,68.0,0.042,0.38987938735997096,0.5192450360370175,-0.12936564867704659
111901,2023-04-02,69.0,0.037,0.37679065771030873,0.5066887017908291,-0.12989804408052041
111901,2023-04-02,70.0,0.04,0.41155678706682236,0.5227685241970258,-0.11121173713020344
111901,2023-04-02,71.0,0.373,0.5304376347117149,0.5734610690790682,-0.04302343436735334
111901,2023-04-02,72.0,0.412,0.45876240141669483,0.5367881931383627,-0.07802579172166785
111901,2023-04-02,73.0,0.449,0.46178398660594555,0.5278329843040607,-0.06604899769811512
111901,2023-04-02,74.0,0.429,0.49763950722689804,0.5427778046849228,-0.04513829745802472
111901,2023-04-02,75.0,0.418,0.36237441784282665,0.5047338177238102,-0.14235939988098356
111901,2023-04-02,76.0,0.423,0.3190108272559175,0.4588138933231121,-0.13980306606719461
111901,2023-04-02,77.0,0.399,0.32020288307165046,0.469223274004682,-0.14902039093303154
111901,2023-04-02,78.0,0.409,0.38407129286984887,0.5024266078602572,-0.1183553149904083
111901,2023-04-02,79.0,0.417,0.44553950406049747,0.5135186296833181,-0.0679791256228206
111901,2023-04-02,80.0,0.787,0.44719177117373304,0.5271524149590644,-0.07996064378533135
111901,2023-04-02,81.0,0.978,0.33966661423632094,0.46487417413571064,-0.1252075598993897
111901,2023-04-02,82.0,0.158,0.36149571975601447,0.4627842953316443,-0.10128857557562981
111901,2023-04-02,83.0,0.149,0.2938600789709471,0.42193157951453497,-0.12807150054358785
111901,2023-04-02,84.0,0.201,0.27426454949673146,0.38655669164721446,-0.112292142150483
111901,2023-04-02,85.0,0.056,0.2689539987902685,0.394883766172614,-0.12592976738234551
111901,2023-04-02,86.0,0.035,0.2459396806054381,0.3748075017664735,-0.12886782116103537
111901,2023-04-02,87.0,0.024,0.24328510617497867,0.4175066306509588,-0.1742215244759801
111901,2023-04-02,88.0,0.032,0.2517149787625296,0.4222770560377486,-0.17056207727521905
111901,2023-04-02,89.0,0.031,0.24977742672033007,0.4412742314453585,-0.19149680472502842
111901,2023-04-02,90.0,0.331,0.2802196693715768,0.44568307236585997,-0.1654634029942832
111901,2023-04-02,91.0,0.331,0.29863994161058577,0.46871725845571566,-0.1700773168451299
111901,2023-04-02,92.0,0.336,0.36145779320663773,0.5010689669610917,-0.13961117375445398
111901,2023-04-02,93.0,0.353,0.38675773952897796,0.5187307448165519,-0.13197300528757394
111901,2023-04-02,94.0,0.14,0.2762271180029833,0.4609503241049953,-0.18472320610201204
111901,2023-04-02,95.0,0.023,0.2646268390163419,0.4190145991156576,-0.1543877600993157
1228211,2023-06-25,0.0,0.053,0.07291124075186754,0.11129912742871853,-0.03838788667685099
1228211,2023-06-25,1.0,0.052,0.05868723065191954,0.10171181043823682,-0.04302457978631728
1228211,2023-06-25,2.0,0.082,0.058640181401310526,0.10088634819416037,-0.04224616679284984
1228211,2023-06-25,3.0,0.059,0.0664498560205561,0.11209707870052815,-0.04564722267997205
1228211,2023-06-25,4.0,0.052,0.07376124936189223,0.12032649871966652,-0.0465652493577743
1228211,2023-06-25,5.0,0.05,0.0828518566180962,0.12418849070996807,-0.04133663409187187
1228211,2023-06-25,6.0,0.052,0.06608583752199391,0.10921482730553442,-0.0431289897835405
1228211,2023-06-25,7.0,0.069,0.06367112771677087,0.10550198032532007,-0.0418308526085492
1228211,2023-06-25,8.0,0.389,0.06208234175753536,0.10585866319600826,-0.0437763214384729
1228211,2023-06-25,9.0,0.725,0.06415016985483278,0.11209707870052815,-0.04794690884569537
1228211,2023-06-25,10.0,0.253,0.07437793892602208,0.113048198961995,-0.03867026003597292
1228211,2023-06-25,11.0,0.051,0.06284064360269763,0.09728576454530896,-0.03444512094261133
1228211,2023-06-25,12.0,0.053,0.06308491201602502,0.09817703443874566,-0.03509212242272064
1228211,2023-06-25,13.0,0.069,0.05935255761445475,0.10090051884659526,-0.04154796123214051
1228211,2023-06-25,14.0,0.077,0.06676335741454374,0.10343248515766032,-0.03666912774311658
1228211,2023-06-25,15.0,0.05,0.06704728376820888,0.10509328497999135,-0.03804600121178246
1228211,2023-06-25,16.0,0.049,0.08231747813059438,0.11747911866919433,-0.03516164053859995
1228211,2023-06-25,17.0,0.05,0.09371626967092192,0.16915271016723962,-0.0754364404963177
1228211,2023-06-25,18.0,0.049,0.08684639787960045,0.15191302625460934,-0.06506662837500889
1228211,2023-06-25,19.0,0.081,0.07086271826677153,0.1398350672469371,-0.06897234898016556
1228211,2023-06-25,20.0,0.062,0.06284735382895655,0.12774492391843853,-0.06489757008948198
1228211,2023-06-25,21.0,0.052,0.07032370680320464,0.1181923041413576,-0.04786859733815296
1228211,2023-06-25,22.0,0.05,0.06878031275488412,0.11215569916896899,-0.043375386414084866
1228211,2023-06-25,23.0,0.051,0.05839347828503957,0.10289218572055452,-0.04449870743551495
1228211,2023-06-25,24.0,0.146,0.07117438526036442,0.13937273563152008,-0.06819835037115567
1228211,2023-06-25,25.0,0.192,0.054511612249745496,0.11707070342452881,-0.06255909117478331
1228211,2023-06-25,26.0,0.155,0.0685731763877194,0.1170439705319103,-0.04847079414419091
1228211,2023-06-25,27.0,0.101,0.07850280390917523,0.12368516659774213,-0.0451823626885669
1228211,2023-06-25,28.0,0.255,0.08015871508365403,0.12486036681633565,-0.04470165173268162
1228211,2023-06-25,29.0,0.8,0.08115124437714842,0.13725938731188192,-0.0561081429347335
1228211,2023-06-25,30.0,0.451,0.08303794465599189,0.1394035448182766,-0.056365600162284715
1228211,2023-06-25,31.0,0.189,0.08752929242673968,0.14935203602253755,-0.06182274359579787
1228211,2023-06-25,32.0,0.161,0.08972585757936805,0.1286119880057761,-0.038886130426408066
1228211,2023-06-25,33.0,0.116,0.08153979113439887,0.13115524905991896,-0.04961545792552009
1228211,2023-06-25,34.0,0.115,0.08731943439115271,0.13203211938973233,-0.044712684998579624
1228211,2023-06-25,35.0,0.115,0.10537329834780927,0.15019349853163924,-0.04482020018382997
1228211,2023-06-25,36.0,0.119,0.1207671199100575,0.1762513471966111,-0.0554842272865536
1228211,2023-06-25,37.0,0.139,0.09807246120711277,0.1570432579152779,-0.05897079670816513
1228211,2023-06-25,38.0,0.138,0.08029643511714049,0.14426675709648495,-0.06397032197934446
1228211,2023-06-25,39.0,0.129,0.0903497599517423,0.13566873754525965,-0.04531897759351736
1228211,2023-06-25,40.0,0.104,0.05868411436159464,0.11404455649258276,-0.05536044213098812
1228211,2023-06-25,41.0,0.129,0.06087144486402449,0.13096552677189205,-0.07009408190786756
1228211,2023-06-25,42.0,0.148,0.06805173889956616,0.13040298143794998,-0.062351242538383825
1228211,2023-06-25,43.0,0.111,0.07232447175761926,0.12333002291854785,-0.051005551160928586
1228211,2023-06-25,44.0,0.085,0.08089265515964567,0.13092796835959952,-0.05003531319995386
1228211,2023-06-25,45.0,0.185,0.07503262407932969,0.12305245374380049,-0.0480198296644708
1228211,2023-06-25,46.0,0.643,0.07179926784599551,0.12938617799380578,-0.05758691014781027
1228211,2023-06-25,47.0,0.369,0.07166405118841132,0.12713673788340693,-0.05547268669499561
1228211,2023-06-25,48.0,0.129,0.07180161943072891,0.11322283296500996,-0.04142121353428105
1228211,2023-06-25,49.0,0.104,0.07667807392987311,0.1424997207174115,-0.06582164678753838
1228211,2023-06-25,50.0,0.111,0.0645126027483674,0.1854481283007666,-0.1209355255523992
1228211,2023-06-25,51.0,0.214,0.08300823892153505,0.1396817232653729,-0.05667348434383784
1228211,2023-06-25,52.0,0.125,0.07900259688864052,0.14069585723631353,-0.061693260347673015
1228211,2023-06-25,53.0,0.134,0.0836485886074473,0.1311195108847613,-0.04747092227731399
1228211,2023-06-25,54.0,0.122,0.0836485886074473,0.1311195108847613,-0.04747092227731399
1228211,2023-06-25,55.0,0.114,0.07733370034952801,0.12250657466072312,-0.04517287431119511
1228211,2023-06-25,56.0,0.113,0.07637133206985754,0.11472172556768931,-0.03835039349783177
1228211,2023-06-25,57.0,0.121,0.08886448718102775,0.1319805046315912,-0.04311601745056344
1228211,2023-06-25,58.0,0.126,0.07973374589444181,0.1227479658992942,-0.04301422000485239
1228211,2023-06-25,59.0,0.107,0.06921963957354625,0.11359457982479394,-0.04437494025124769
1228211,2023-06-25,60.0,0.106,0.0690075814445265,0.11280967295100784,-0.043802091506481344
1228211,2023-06-25,61.0,0.077,0.07447902987035647,0.1372371168641141,-0.06275808699375764
1228211,2023-06-25,62.0,0.081,0.0891806639328743,0.16555752121711478,-0.07637685728424048
1228211,2023-06-25,63.0,0.102,0.09080569858458995,0.14742500803514053,-0.056619309450550576
1228211,2023-06-25,64.0,0.086,0.09335009941626853,0.15292618228535976,-0.05957608286909123
1228211,2023-06-25,65.0,0.073,0.14042930232314405,0.22518990365231217,-0.08476060132916813
1228211,2023-06-25,66.0,0.083,0.08117661462105452,0.160780790381031,-0.07960417575997647
1228211,2023-06-25,67.0,0.083,0.08662030664879204,0.16055421529228175,-0.07393390864348971
1228211,2023-06-25,68.0,0.189,0.1092411337207127,0.18313079395776616,-0.07388966023705346
1228211,2023-06-25,69.0,0.681,0.08992265630240978,0.16019209925915,-0.07026944295674023
1228211,2023-06-25,70.0,0.356,0.09050880339905445,0.1584400713207778,-0.06793126792172335
1228211,2023-06-25,71.0,0.389,0.088632084055915,0.16082330180452953,-0.07219121774861453
1228211,2023-06-25,72.0,0.981,0.09232956389242518,0.15862128951092186,-0.06629172561849668
1228211,2023-06-25,73.0,0.802,0.10619628282797977,0.17532687997212074,-0.06913059714414097
1228211,2023-06-25,74.0,0.446,0.10766352746085137,0.20089808395352074,-0.09323455649266937
1228211,2023-06-25,75.0,0.171,0.09424284250666469,0.16829841481800586,-0.07405557231134118
1228211,2023-06-25,76.0,0.153,0.09106319298171416,0.1536210512488361,-0.06255785826712194
1228211,2023-06-25,77.0,0.143,0.09148948837731292,0.1498797311637783,-0.05839024278646539
1228211,2023-06-25,78.0,0.1,0.09402282306451452,0.16500665347361912,-0.0709838304091046
1228211,2023-06-25,79.0,0.132,0.10548240912997843,0.17194768284852555,-0.06646527371854712
1228211,2023-06-25,80.0,0.158,0.0785994614953683,0.15674833623934947,-0.07814887474398118
1228211,2023-06-25,81.0,0.155,0.07702177336147258,0.1450655751951533,-0.06804380183368074
1228211,2023-06-25,82.0,0.172,0.08051500241286157,0.1376384181639212,-0.05712341575105963
1228211,2023-06-25,83.0,0.137,0.0851034070478285,0.13342753181399467,-0.04832412476616617
1228211,2023-06-25,84.0,0.139,0.09585895588597518,0.1371457292693216,-0.04128677338334641
1228211,2023-06-25,85.0,0.111,0.07766265016538129,0.12313644629541345,-0.04547379613003216
1228211,2023-06-25,86.0,0.136,0.08045022635254861,0.12435820500220099,-0.043907978649652374
1228211,2023-06-25,87.0,0.115,0.08391405547248271,0.13437356482329937,-0.05045950935081667
1228211,2023-06-25,88.0,0.093,0.08448619691040304,0.1304194812829943,-0.045933284372591254
1228211,2023-06-25,89.0,0.084,0.09592098751379416,0.1449937222348959,-0.04907273472110174
1228211,2023-06-25,90.0,0.107,0.07866567268708793,0.1264950164776378,-0.04782934379054987
1228211,2023-06-25,91.0,0.099,0.06610283437508116,0.11026776159779053,-0.04416492722270937
1228211,2023-06-25,92.0,0.103,0.07074248149254231,0.11493695780635102,-0.04419447631380871
1228211,2023-06-25,93.0,0.083,0.06779089886337286,0.11061594977983905,-0.042825050916466184
1228211,2023-06-25,94.0,0.077,0.07415006868436658,0.116787122758719,-0.04263705407435242
1228211,2023-06-25,95.0,0.08,0.07413147785523974,0.11660992690822075,-0.04247844905298101
382698,2024-02-16,0.0,0.642,0.8138536793169046,1.3402086336891788,-0.5263549543722742
382698,2024-02-16,1.0,0.644,0.8397996058355428,1.1552227213101791,-0.3154231154746363
382698,2024-02-16,2.0,1.131,1.0018680884822284,1.2495108554655796,-0.2476427669833512
382698,2024-02-16,3.0,1.71,0.9331165606828375,1.1931282214228645,-0.2600116607400269
382698,2024-02-16,4.0,1.743,1.1185409524261412,1.3226856617514215,-0.2041447093252804
382698,2024-02-16,5.0,0.811,0.9652898590566508,1.2422703016216465,-0.27698044256499577
382698,2024-02-16,6.0,0.598,0.7524754315302854,0.9739610596600472,-0.2214856281297618
382698,2024-02-16,7.0,1.198,0.980109148231115,1.1008842491052129,-0.12077510087409793
382698,2024-02-16,8.0,1.629,1.0601567278687414,1.2055788794764482,-0.14542215160770677
382698,2024-02-16,9.0,1.588,1.0988342770629493,1.1569730307883417,-0.058138753725392345
382698,2024-02-16,10.0,0.577,1.0966369781977443,1.1659916850225434,-0.06935470682479905
382698,2024-02-16,11.0,0.627,0.7250299739249942,0.8675913388311359,-0.14256136490614169
382698,2024-02-16,12.0,1.058,0.9837800808905824,1.1037616674525552,-0.11998158656197278
382698,2024-02-16,13.0,1.612,1.2697881831168816,1.4092677478407305,-0.13947956472384893
382698,2024-02-16,14.0,1.632,0.8573891050373526,0.9729406066516592,-0.1155515016143066
382698,2024-02-16,15.0,0.631,0.6860560851816919,0.8055041969352577,-0.11944811175356573
382698,2024-02-16,16.0,0.585,0.72068431160266,0.8893161288769603,-0.16863181727430032
382698,2024-02-16,17.0,1.044,1.131640746429511,1.2727581717701832,-0.14111742534067218
382698,2024-02-16,18.0,1.613,1.2338348687758036,1.3387415987486377,-0.10490672997283412
382698,2024-02-16,19.0,1.566,0.8464684808178292,0.9371213351594933,-0.09065285434166404
382698,2024-02-16,20.0,0.589,0.7268475817757498,0.8326479942289219,-0.10580041245317207
382698,2024-02-16,21.0,0.571,0.7058377280156527,0.9520154802584049,-0.24617775224275218
382698,2024-02-16,22.0,1.213,1.0236734176861635,1.1821049383144289,-0.15843152062826538
382698,2024-02-16,23.0,1.573,1.0282529477158715,1.172946352438012,-0.14469340472214043
382698,2024-02-16,24.0,1.499,0.6504563969777214,0.8041434561640799,-0.1536870591863585
382698,2024-02-16,25.0,0.437,0.4392477003538615,0.5981587238025965,-0.15891102344873498
382698,2024-02-16,26.0,0.364,0.4338571171419301,0.7022371504679082,-0.26838003332597815
382698,2024-02-16,27.0,0.422,0.5478627285213516,0.8336671741152856,-0.2858044455939339
382698,2024-02-16,28.0,0.437,0.4913623227176017,0.6881224678634312,-0.1967601451458295
382698,2024-02-16,29.0,0.525,0.43435144659502606,0.5377113047775118,-0.10335985818248578
382698,2024-02-16,30.0,0.89,0.5075675094981227,0.6368467712471048,-0.12927926174898208
382698,2024-02-16,31.0,1.146,0.4013163763679469,0.5644688311390998,-0.16315245477115292
382698,2024-02-16,32.0,0.367,0.8247300232476781,0.821855500806089,0.0028745224415890336
382698,2024-02-16,33.0,0.537,0.9101203069945154,0.9397509877511971,-0.029630680756681738
382698,2024-02-16,34.0,1.377,0.5562523935849281,0.5786957292719016,-0.022443335686973542
382698,2024-02-16,35.0,1.287,0.20755478312018877,0.36012537847939735,-0.15257059535920858
382698,2024-02-16,36.0,0.287,0.2143432281337683,0.40771378581205364,-0.19337055767828534
382698,2024-02-16,37.0,0.049,0.16788369884476043,0.30859642066576837,-0.14071272182100794
382698,2024-02-16,38.0,0.002,0.26202771960539045,0.31808884708410473,-0.05606112747871428
382698,2024-02-16,39.0,0.0,0.19329515422254517,0.318156170125183,-0.12486101590263782
382698,2024-02-16,40.0,0.066,0.15053250763080842,0.19420183704857194,-0.043669329417763525
382698,2024-02-16,41.0,0.0,0.14780794222696841,0.20095824243045665,-0.05315030020348824
382698,2024-02-16,42.0,0.0,0.14010993962044982,0.18160843885431233,-0.04149849923386251
382698,2024-02-16,43.0,0.001,0.1539218622090227,0.23223961166804405,-0.07831774945902134
382698,2024-02-16,44.0,0.002,0.2078649730190434,0.37263071280959004,-0.16476573979054665
382698,2024-02-16,45.0,0.343,0.2615085027832131,0.40025226913967266,-0.13874376635645957
382698,2024-02-16,46.0,0.232,0.34050379949553233,0.5375868189311949,-0.19708301943566253
382698,2024-02-16,47.0,0.224,0.3863122951276062,0.5326319325596127,-0.14631963743200654
382698,2024-02-16,48.0,0.092,0.20821405521948516,0.38678409632195115,-0.178570041102466
382698,2024-02-16,49.0,0.039,0.22343039133973785,0.4175721679036177,-0.19414177656387982
382698,2024-02-16,50.0,0.001,0.285121245248583,0.4847805891459617,-0.19965934389737872
382698,2024-02-16,51.0,0.0,0.31971194630019273,0.5122060102387757,-0.19249406393858293
382698,2024-02-16,52.0,0.002,0.20116313335659916,0.39282702094051547,-0.1916638875839163
382698,2024-02-16,53.0,0.004,0.25960605576505563,0.4175176769353899,-0.15791162117033425
382698,2024-02-16,54.0,0.002,0.3083337609886799,0.4893830706279372,-0.1810493096392573
382698,2024-02-16,55.0,0.001,0.2829249160468869,0.4879654000701907,-0.20504048402330377
382698,2024-02-16,56.0,0.003,0.312941101025981,0.6110187804241565,-0.2980776793981755
382698,2024-02-16,57.0,0.0,0.6773447230726101,0.7401391114757427,-0.06279438840313267
382698,2024-02-16,58.0,0.001,0.49530368577320094,0.6063929076406266,-0.11108922186742565
382698,2024-02-16,59.0,0.0,0.37565019336139766,0.5344581962868888,-0.1588080029254912
382698,2024-02-16,60.0,0.0,0.36823666936197447,0.5673791295715273,-0.19914246020955279
382698,2024-02-16,61.0,0.001,0.3937687226017612,0.6039444990654662,-0.210175776463705
382698,2024-02-16,62.0,0.002,0.4577074863688595,0.6002937758007116,-0.14258628943185214
382698,2024-02-16,63.0,0.079,0.7917462541498476,0.8880858241485642,-0.09633956999871662
382698,2024-02-16,64.0,0.844,0.8085558941227907,0.9249688750440319,-0.1164129809212412
382698,2024-02-16,65.0,0.4,0.532576282878324,0.8597511284565638,-0.3271748455782397
382698,2024-02-16,66.0,0.421,0.5101774670861682,0.8029948124682573,-0.29281734538208914
382698,2024-02-16,67.0,0.385,0.5633985334515665,0.8844862951933509,-0.3210877617417843
382698,2024-02-16,68.0,0.386,0.9827052323954892,1.1169786799125279,-0.13427344751703862
382698,2024-02-16,69.0,1.125,0.8843020841546209,1.0113413844186743,-0.1270393002640534
382698,2024-02-16,70.0,1.398,0.5517988317280023,0.9478700682984873,-0.39607123657048504
382698,2024-02-16,71.0,0.589,0.5601666361502569,0.9412891504122268,-0.38112251426196997
382698,2024-02-16,72.0,0.604,0.9299857580236122,1.1148817044581687,-0.18489594643455654
382698,2024-02-16,73.0,0.536,0.8478302465099125,1.081461485505507,-0.23363123899559446
382698,2024-02-16,74.0,1.075,0.5706868290088566,0.9986159355017266,-0.42792910649286997
382698,2024-02-16,75.0,1.063,0.601410087158404,0.9820038671607044,-0.3805937800023004
382698,2024-02-16,76.0,0.54,0.9042764016293259,1.128400696532503,-0.2241242949031772
382698,2024-02-16,77.0,0.99,1.009404070552928,1.2821626748569916,-0.27275860430406373
382698,2024-02-16,78.0,1.503,1.0526182866976654,1.3941278033907614,-0.3415095166930959
382698,2024-02-16,79.0,1.571,1.179490587000108,1.4817306727800448,-0.3022400857799368
382698,2024-02-16,80.0,0.774,0.7262288898068657,1.1104837888629628,-0.3842548990560971
382698,2024-02-16,81.0,0.496,0.7214016029232299,1.0651268280939281,-0.34372522517069826
382698,2024-02-16,82.0,0.495,1.0145850419920208,1.2828208535156675,-0.2682358115236467
382698,2024-02-16,83.0,1.231,1.2281216845473706,1.4783371061175694,-0.2502154215701988
382698,2024-02-16,84.0,1.555,0.823054723689068,1.23660470582736,-0.41354998213829197
382698,2024-02-16,85.0,1.206,0.9699163659094976,1.2415203960905299,-0.2716040301810323
382698,2024-02-16,86.0,0.884,1.208574127912791,1.406569607532447,-0.1979954796196559
382698,2024-02-16,87.0,0.839,1.2777011618723015,1.5529191884513898,-0.2752180265790882
382698,2024-02-16,88.0,1.447,1.2622282458686158,1.4648852073474818,-0.20265696147886603
382698,2024-02-16,89.0,1.82,1.1767951541885455,1.39147162028477,-0.21467646609622437
382698,2024-02-16,90.0,0.846,0.9035374640056094,1.2857064940664322,-0.3821690300608228
382698,2024-02-16,91.0,0.734,0.9534457772347208,1.3621211392330124,-0.4086753619982916
382698,2024-02-16,92.0,1.045,0.9111659897231417,1.242707207996609,-0.3315412182734674
382698,2024-02-16,93.0,1.713,0.9806329282558659,1.3773899296127208,-0.3967570013568549
382698,2024-02-16,94.0,1.218,1.125346777938695,1.3283999251899101,-0.20305314725121515
382698,2024-02-16,95.0,0.559,0.8185247087202681,1.1866176297041717,-0.36809292098390367
468646,2023-11-19,0.0,0.281,0.26568137583440504,0.32729895101113166,-0.06161757517672661
468646,2023-11-19,1.0,0.404,0.2791903331507895,0.3683299274682658,-0.08913959431747631
468646,2023-11-19,2.0,0.555,0.28739363605594126,0.37881579018074785,-0.09142215412480659
468646,2023-11-19,3.0,0.581,0.3297243715766539,0.37715620851055404,-0.04743183693390013
468646,2023-11-19,4.0,0.219,0.2928289711661004,0.34888323062876814,-0.05605425946266773
468646,2023-11-19,5.0,0.17,0.28954840311717833,0.3492111363938709,-0.05966273327669258
468646,2023-11-19,6.0,0.306,0.2792641780991107,0.3623367837452455,-0.08307260564613483
468646,2023-11-19,7.0,0.525,0.27871310708135355,0.3755264054614735,-0.09681329838011993
468646,2023-11-19,8.0,0.529,0.3042483910747917,0.38656243501304893,-0.08231404393825725
468646,2023-11-19,9.0,0.141,0.2787279413943057,0.34410227036670993,-0.06537432897240425
468646,2023-11-19,10.0,0.166,0.22937803782029476,0.3079522630504047,-0.07857422523010993
468646,2023-11-19,11.0,0.304,0.2837271172329602,0.3692669396411942,-0.08553982240823405
468646,2023-11-19,12.0,0.493,0.3344913636404328,0.4209169585231945,-0.08642559488276169
468646,2023-11-19,13.0,0.482,0.3236484797815475,0.4020338185010412,-0.07838533871949371
468646,2023-11-19,14.0,0.903,0.288736764002185,0.40088083727735213,-0.11214407327516712
468646,2023-11-19,15.0,0.189,0.2408028399950597,0.3084503930361555,-0.06764755304109582
468646,2023-11-19,16.0,0.14,0.213520885320773,0.2904036256594037,-0.07688274033863068
468646,2023-11-19,17.0,0.099,0.1901725549693004,0.3191425275021541,-0.1289699725328537
468646,2023-11-19,18.0,0.383,0.2381565866199855,0.3276394761440042,-0.08948288952401867
468646,2023-11-19,19.0,0.417,0.26950905829988664,0.3679962627040226,-0.09848720440413594
468646,2023-11-19,20.0,0.166,0.2572042718188953,0.36815533639713766,-0.11095106457824233
468646,2023-11-19,21.0,0.057,0.10712645746022478,0.3097297866242785,-0.20260332916405374
468646,2023-11-19,22.0,0.071,0.188402333576396,0.31930666184109435,-0.13090432826469836
468646,2023-11-19,23.0,0.274,0.1922869471836459,0.31144434008990884,-0.11915739290626295
468646,2023-11-19,24.0,0.387,0.1963622143106304,0.3323062199701516,-0.1359440056595212
468646,2023-11-19,25.0,0.242,0.29951669025557975,0.3755892066457533,-0.07607251639017354
468646,2023-11-19,26.0,0.065,0.2958907862970057,0.39708585051054085,-0.10119506421353514
468646,2023-11-19,27.0,0.043,0.1914604243295752,0.3489150157509006,-0.15745459142132542
468646,2023-11-19,28.0,0.184,0.1663100617145222,0.3254016073451882,-0.159091545630666
468646,2023-11-19,29.0,0.37,0.19995570415924585,0.39286369359595114,-0.19290798943670528
468646,2023-11-19,30.0,0.323,0.172247167987672,0.3838920547932609,-0.21164488680558888
468646,2023-11-19,31.0,0.041,0.1774793273007957,0.40780957116865474,-0.23033024386785905
468646,2023-11-19,32.0,0.041,0.16336495479622604,0.3386499963035298,-0.17528504150730378
468646,2023-11-19,33.0,0.148,0.12022373393374904,0.317671514042656,-0.19744778010890696
468646,2023-11-19,34.0,0.369,0.18813628489157075,0.33321415337689947,-0.14507786848532872
468646,2023-11-19,35.0,0.302,0.2488391985206977,0.3601300113043487,-0.111290812783651
468646,2023-11-19,36.0,0.042,0.25425413921888573,0.35381510255120496,-0.09956096333231923
468646,2023-11-19,37.0,0.056,0.1752754188757493,0.29402620574552196,-0.11875078686977267
468646,2023-11-19,38.0,0.056,0.2298539458949395,0.3129719151495475,-0.08311796925460799
468646,2023-11-19,39.0,0.379,0.18053348793285542,0.2724104827867071,-0.09187699485385167
468646,2023-11-19,40.0,0.36,0.2421122345710466,0.32847749544686394,-0.08636526087581733
468646,2023-11-19,41.0,0.098,0.21625265895480358,0.3291866022789484,-0.11293394332414483
468646,2023-11-19,42.0,0.059,0.2928275904431659,0.3440663263085692,-0.051238735865403284
468646,2023-11-19,43.0,0.174,0.2522978604065987,0.34150664920350643,-0.08920878879690775
468646,2023-11-19,44.0,0.481,0.2797179175041107,0.4073890112823727,-0.12767109377826202
468646,2023-11-19,45.0,0.94,0.46224404103333716,0.4382898691622168,0.023954171871120367
468646,2023-11-19,46.0,0.675,0.3463220758548559,0.3702984556319997,-0.023976379777143786
468646,2023-11-19,47.0,0.367,0.23955282251151605,0.32249902943061165,-0.0829462069190956
468646,2023-11-19,48.0,0.375,0.14107697384841758,0.27281789819687646,-0.13174092434845888
468646,2023-11-19,49.0,0.122,0.18498733188255292,0.2727365461305149,-0.08774921424796198
468646,2023-11-19,50.0,0.154,0.22714338863787012,0.2824192976034178,-0.055275908965547654
468646,2023-11-19,51.0,0.32,0.5066166270159477,0.47694389458573816,0.029672732430209514
468646,2023-11-19,52.0,0.138,0.546050979802781,0.5117589391412296,0.03429204066155134
468646,2023-11-19,53.0,0.304,0.5602464128012522,0.49529518616504536,0.06495122663620684
468646,2023-11-19,54.0,0.401,0.42635461828866195,0.40307578322627335,0.023278835062388592
468646,2023-11-19,55.0,0.511,0.15343681905110987,0.27374925002439904,-0.12031243097328917
468646,2023-11-19,56.0,0.183,0.27808945967979254,0.3388238911609298,-0.060734431481137274
468646,2023-11-19,57.0,0.15,0.32973749379271733,0.43891920768391174,-0.10918171389119441
468646,2023-11-19,58.0,0.162,0.5044486670660686,0.48805440366566466,0.016394263400403952
468646,2023-11-19,59.0,0.356,0.15875123218204776,0.326562548415453,-0.16781131623340526
468646,2023-11-19,60.0,0.424,0.17634365147175918,0.3318535054179039,-0.15550985394614475
468646,2023-11-19,61.0,0.177,0.16587234236044937,0.3168025334438565,-0.15093019108340713
468646,2023-11-19,62.0,0.461,0.22219115667748185,0.3439696908088577,-0.12177853413137585
468646,2023-11-19,63.0,0.172,0.2670164282646792,0.3878602779369405,-0.1208438496722613
468646,2023-11-19,64.0,0.392,0.37534519672739264,0.4416779261194171,-0.06633272939202445
468646,2023-11-19,65.0,0.6,0.4394695730831385,0.48879747384485744,-0.049327900761718946
468646,2023-11-19,66.0,0.525,0.39663983154209603,0.5187572514100096,-0.12211741986791358
468646,2023-11-19,67.0,0.396,0.47532523211190436,0.513356749381414,-0.038031517269509596
468646,2023-11-19,68.0,1.228,0.5229564861508085,0.5559437394963958,-0.032987253345587275
468646,2023-11-19,69.0,0.696,0.5168792921481332,0.5711777701985346,-0.05429847805040133
468646,2023-11-19,70.0,1.132,0.5266410911259485,0.590715654634887,-0.06407456350893848
468646,2023-11-19,71.0,0.637,0.43436889401250783,0.473708498743021,-0.03933960473051318
468646,2023-11-19,72.0,0.362,0.35761660955793073,0.4368620396564607,-0.07924543009852997
468646,2023-11-19,73.0,0.276,0.36214846568778614,0.4328162354347156,-0.07066776974692945
468646,2023-11-19,74.0,0.698,0.4032308335359633,0.500622192335975,-0.09739135880001176
468646,2023-11-19,75.0,0.582,0.3769137887638295,0.45938025817734424,-0.08246646941351471
468646,2023-11-19,76.0,0.458,0.3665958857524139,0.46155953858117715,-0.09496365282876323
468646,2023-11-19,77.0,0.291,0.3219686129799074,0.42637250792205417,-0.10440389494214675
468646,2023-11-19,78.0,0.155,0.4140376989250731,0.46153135091602254,-0.04749365199094946
468646,2023-11-19,79.0,0.556,0.3620492930118236,0.48661838690182285,-0.12456909388999926
468646,2023-11-19,80.0,1.033,0.5431130052902702,0.5864641034410747,-0.04335109815080451
468646,2023-11-19,81.0,0.721,0.7562163153064269,0.8284407621680556,-0.07222444686162877
468646,2023-11-19,82.0,0.786,0.8237030523489209,0.8439482181672955,-0.020245165818374544
468646,2023-11-19,83.0,0.885,0.7105601624944369,0.7518512272998562,-0.04129106480541933
468646,2023-11-19,84.0,0.38,0.3598548177056033,0.4072086842840636,-0.0473538665784603
468646,2023-11-19,85.0,0.254,0.3250902948428379,0.39602926275822975,-0.07093896791539184
468646,2023-11-19,86.0,0.559,0.3360872207351451,0.4297642423283424,-0.09367702159319735
468646,2023-11-19,87.0,0.701,0.3893892430854477,0.45058100308496774,-0.061191759999520035
468646,2023-11-19,88.0,0.711,0.45346024733496526,0.4634807342754387,-0.010020486940473416
468646,2023-11-19,89.0,0.508,0.45137049599113765,0.4926808156227293,-0.04131031963159165
468646,2023-11-19,90.0,0.264,0.48251267394444286,0.49634779851807437,-0.013835124573631508
468646,2023-11-19,91.0,0.239,0.39442919984659286,0.44015100020301423,-0.04572180035642137
468646,2023-11-19,92.0,0.309,0.40327123064615333,0.44826688942638787,-0.04499565878023454
468646,2023-11-19,93.0,0.521,0.39526279180883456,0.44937864832255114,-0.05411585651371659
468646,2023-11-19,94.0,0.57,0.3791614106565655,0.4351974877599634,-0.05603607710339792
468646,2023-11-19,95.0,0.239,0.3620691966985722,0.39081345902481496,-0.028744262326242775
654611,2023-11-19,0.0,0.048,0.08869731721811493,0.11055908711744858,-0.021861769899333652
654611,2023-11-19,1.0,0.051,0.08914882057336505,0.11141137773267629,-0.022262557159311233
654611,2023-11-19,2.0,0.063,0.08843228602560076,0.11686787799795911,-0.028435591972358357
654611,2023-11-19,3.0,0.056,0.08852354185021442,0.1113982107587071,-0.02287466890849267
654611,2023-11-19,4.0,0.072,0.0887858423834152,0.1122505013739348,-0.023464658990519596
654611,2023-11-19,5.0,0.062,0.08825826869622742,0.11371262938946505,-0.02545436069323763
654611,2023-11-19,6.0,0.056,0.08825826869622742,0.11113910465612906,-0.022880835959901633
654611,2023-11-19,7.0,0.057,0.08958405191861629,0.1176009814881461,-0.028016929569529808
654611,2023-11-19,8.0,0.085,0.11801896444278492,0.13190759655847908,-0.01388863211569416
654611,2023-11-19,9.0,0.058,0.11641957512981267,0.12869904146894484,-0.01227946633913217
654611,2023-11-19,10.0,0.049,0.08742241229535315,0.1151334769058816,-0.027711064610528455
654611,2023-11-19,11.0,0.054,0.08774792458530638,0.11302837689155104,-0.025280452306244663
654611,2023-11-19,12.0,0.049,0.08724895302152712,0.11206973536440329,-0.02482078234287617
654611,2023-11-19,13.0,0.049,0.08862116123405721,0.10857493031363867,-0.019953769079581463
654611,2023-11-19,14.0,0.069,0.08823070511232146,0.11376090816433283,-0.02553020305201137
654611,2023-11-19,15.0,0.066,0.08962816049243437,0.11622841274659727,-0.026600252254162904
654611,2023-11-19,16.0,0.076,0.08998649973962906,0.10757884340221781,-0.017592343662588744
654611,2023-11-19,17.0,0.081,0.10399857591292296,0.11452082331555309,-0.010522247402630136
654611,2023-11-19,18.0,0.065,0.08475370931958107,0.1093239587960501,-0.024570249476469033
654611,2023-11-19,19.0,0.05,0.09097780500723464,0.11179146337831448,-0.020813658371079846
654611,2023-11-19,20.0,0.061,0.09409738335003139,0.11755003419692522,-0.02345265084689384
654611,2023-11-19,21.0,0.054,0.08700222697913639,0.11187729949331679,-0.024875072514180405
654611,2023-11-19,22.0,0.049,0.084283776290556,0.1094097949110524,-0.025126018620496404
654611,2023-11-19,23.0,0.066,0.08418958177824784,0.10541542266129994,-0.0212258408830521
654611,2023-11-19,24.0,0.072,0.08313163046825678,0.1016815051615573,-0.018549874693300522
654611,2023-11-19,25.0,0.066,0.08494355462529271,0.1069889865255661,-0.022045431900273388
654611,2023-11-19,26.0,0.068,0.08581722211539446,0.10940345687812071,-0.023586234762726255
654611,2023-11-19,27.0,0.064,0.09157859649188477,0.11167270755695992,-0.02009411106507515
654611,2023-11-19,28.0,0.055,0.19147232484563045,0.17598865566556923,0.015483669180061221
654611,2023-11-19,29.0,0.045,0.2737966985095299,0.21707414653122167,0.05672255197830825
654611,2023-11-19,30.0,0.046,0.15653084551445665,0.16472757616893688,-0.008196730654480233
654611,2023-11-19,31.0,0.021,0.10413195319976508,0.12178640184337976,-0.01765444864361468
654611,2023-11-19,32.0,0.026,0.11657580362934417,0.138803877958398,-0.022228074329053826
654611,2023-11-19,33.0,0.038,0.32491581730358937,0.21920028428802113,0.10571553301556824
654611,2023-11-19,34.0,0.022,0.3258232376994706,0.23955870550731642,0.08626453219215416
654611,2023-11-19,35.0,0.048,0.29947529536811374,0.1969997550044909,0.10247554036362283
654611,2023-11-19,36.0,0.451,0.5119734331936613,0.4140038046923747,0.0979696285012866
654611,2023-11-19,37.0,0.178,0.5109051340409468,0.3900460535547132,0.12085908048623362
654611,2023-11-19,38.0,0.26,0.4221731894259281,0.3429409486589067,0.0792322407670214
654611,2023-11-19,39.0,0.238,0.5059628738349385,0.4009309133406514,0.10503196049428715
654611,2023-11-19,40.0,0.274,0.4208355035287196,0.32782107040566416,0.09301443312305546
654611,2023-11-19,41.0,0.167,0.34184408239600506,0.2566224070208313,0.08522167537517378
654611,2023-11-19,42.0,0.147,0.3769110535590621,0.29010414832302045,0.08680690523604168
654611,2023-11-19,43.0,0.122,0.3761439579510153,0.2908897119011927,0.08525424604982257
654611,2023-11-19,44.0,0.008,0.3761439579510153,0.2908897119011927,0.08525424604982257
654611,2023-11-19,45.0,0.034,0.4200258883116791,0.33147365008014174,0.08855223823153735
654611,2023-11-19,46.0,0.027,0.3534360290109229,0.2927638764081648,0.0606721526027581
654611,2023-11-19,47.0,0.06,0.4200258883116791,0.36479062678669383,0.05523526152498526
654611,2023-11-19,48.0,0.051,0.3763473996482123,0.32481816834250343,0.051529231305708856
654611,2023-11-19,49.0,0.045,0.3412379088761615,0.2927638764081648,0.0484740324679967
654611,2023-11-19,50.0,0.086,0.3763473996482123,0.32481816834250343,0.051529231305708856
654611,2023-11-19,51.0,0.095,0.3763473996482123,0.29150119163595134,0.08484620801226095
654611,2023-11-19,52.0,0.041,0.3763473996482123,0.2908862856762131,0.08546111397199918
654611,2023-11-19,53.0,0.084,0.50531081432551,0.3903145267420961,0.11499628758341385
654611,2023-11-19,54.0,0.154,0.3763473996482123,0.29732006387809107,0.07902733577012122
654611,2023-11-19,55.0,0.273,0.5058074528098992,0.3894647930121488,0.11634265979775044
654611,2023-11-19,56.0,0.475,0.376389919257206,0.29150119163595134,0.08488872762125466
654611,2023-11-19,57.0,0.476,0.3253268646950739,0.2343256921151373,0.09100117257993659
654611,2023-11-19,58.0,0.163,0.31411315865063116,0.2203243107284891,0.09378884792214207
654611,2023-11-19,59.0,0.23,0.34643828148395234,0.2546944363477013,0.09174384513625106
654611,2023-11-19,60.0,0.235,0.3266875881418957,0.24265272937195004,0.08403485876994565
654611,2023-11-19,61.0,0.284,0.32841999142731226,0.24726525958527593,0.08115473184203634
654611,2023-11-19,62.0,0.225,0.3288104376863509,0.24442214798120424,0.08438828970514664
654611,2023-11-19,63.0,0.197,0.3449591441133101,0.2750784077667078,0.0698807363466023
654611,2023-11-19,64.0,0.252,0.31157679063009114,0.2992976207002509,0.012279169929840239
654611,2023-11-19,65.0,0.288,0.2972880998001233,0.30728164043120376,-0.009993540631080489
654611,2023-11-19,66.0,0.28,0.36522107082862315,0.33978251941298515,0.025438551415638
654611,2023-11-19,67.0,0.279,0.41501223521049263,0.3777130667918391,0.03729916841865355
654611,2023-11-19,68.0,0.286,0.43349656637297906,0.41047079590608676,0.023025770466892304
654611,2023-11-19,69.0,0.845,0.38799941996375853,0.3352670043737515,0.05273241559000702
654611,2023-11-19,70.0,0.638,0.2698038785678538,0.28573595293926496,-0.015932074371411142
654611,2023-11-19,71.0,0.518,0.24604519535263403,0.29226675340979913,-0.0462215580571651
654611,2023-11-19,72.0,0.456,0.24492014206456292,0.2934764037549324,-0.04855626169036947
654611,2023-11-19,73.0,0.274,0.2452310948562318,0.30846107537618495,-0.06322998051995316
654611,2023-11-19,74.0,0.322,0.24996326440815414,0.3038619599476997,-0.05389869553954557
654611,2023-11-19,75.0,0.31,0.2735893850049805,0.3083428861303804,-0.03475350112539993
654611,2023-11-19,76.0,0.279,0.22982976521513468,0.2894181226124822,-0.0595883573973475
654611,2023-11-19,77.0,0.249,0.2735905046527564,0.3097647586356045,-0.03617425398284807
654611,2023-11-19,78.0,0.256,0.2735905046527564,0.3102813669773591,-0.03669086232460267
654611,2023-11-19,79.0,0.274,0.2818491713873223,0.31545486485029034,-0.033605693462968045
654611,2023-11-19,80.0,0.275,0.23159272003078177,0.2870441246172335,-0.05545140458645173
654611,2023-11-19,81.0,0.278,0.2759226944291468,0.320897958808082,-0.044975264378935176
654611,2023-11-19,82.0,0.426,0.24066947495113952,0.2971641214677622,-0.0564946465166227
654611,2023-11-19,83.0,0.342,0.3019521765248853,0.32646186986512876,-0.024509693340243444
654611,2023-11-19,84.0,0.278,0.23190280834164015,0.28468612260153875,-0.0527833142598986
654611,2023-11-19,85.0,0.272,0.25179756962524397,0.27932546554665166,-0.027527895921407697
654611,2023-11-19,86.0,0.274,0.22763142339211423,0.2787737055934332,-0.051142282201318945
654611,2023-11-19,87.0,0.2,0.2273742360009757,0.2617130512118026,-0.034338815210826906
654611,2023-11-19,88.0,0.139,0.08892654637413087,0.17469671124451128,-0.0857701648703804
654611,2023-11-19,89.0,0.122,0.09191080187521121,0.17687595115563223,-0.08496514928042102
654611,2023-11-19,90.0,0.127,0.12021377674569161,0.1828882515161738,-0.06267447477048219
654611,2023-11-19,91.0,0.115,0.09296138693860646,0.17246014073439792,-0.07949875379579145
654611,2023-11-19,92.0,0.136,0.09526649517032279,0.18106477063133006,-0.08579827546100727
654611,2023-11-19,93.0,0.068,0.0977166137366073,0.1789210614367816,-0.0812044477001743
654611,2023-11-19,94.0,0.061,0.09845882922260561,0.17808193779552306,-0.07962310857291745
654611,2023-11-19,95.0,0.055,0.09847804551808183,0.17890296976510392,-0.08042492424702209
658466,2024-01-21,0.0,0.524,0.12584907677293306,0.23800450646909252,-0.11215542969615946
658466,2024-01-21,1.0,1.501,0.10684986168984086,0.24554960432567088,-0.13869974263583001
658466,2024-01-21,2.0,1.452,0.10526254967103842,0.24204021897199077,-0.13677766930095236
658466,2024-01-21,3.0,0.335,0.16237940262566294,0.2697804912211516,-0.10740108859548866
658466,2024-01-21,4.0,0.366,0.17714870990957104,0.2906191968637022,-0.11347048695413114
658466,2024-01-21,5.0,0.515,0.15595305670301984,0.24121338261020003,-0.08526032590718019
658466,2024-01-21,6.0,0.555,0.13406436933846738,0.24018016248060073,-0.10611579314213335
658466,2024-01-21,7.0,0.535,0.11633527714569508,0.21062533750834664,-0.09429006036265156
658466,2024-01-21,8.0,0.556,0.08155167145727363,0.1905210113993224,-0.10896933994204877
658466,2024-01-21,9.0,0.144,0.12584907677293306,0.23409374440317998,-0.10824466763024693
658466,2024-01-21,10.0,0.026,0.1309833857162616,0.2588409090914951,-0.12785752337523348
658466,2024-01-21,11.0,0.031,0.17812921762125217,0.2911585770461533,-0.11302935942490111
658466,2024-01-21,12.0,0.03,0.17659038290344564,0.2909429280875324,-0.11435254518408677
658466,2024-01-21,13.0,0.376,0.17639363024562343,0.2934172588107791,-0.11702362856515569
658466,2024-01-21,14.0,0.532,0.17721382658180415,0.2853941684596644,-0.10818034187786027
658466,2024-01-21,15.0,0.548,0.126565509576294,0.259650620323836,-0.133085110747542
658466,2024-01-21,16.0,0.555,0.11787879242028056,0.2529613332225698,-0.13508254080228926
658466,2024-01-21,17.0,0.558,0.1177420789278836,0.252495156524783,-0.1347530775968994
658466,2024-01-21,18.0,0.135,0.17638211308447072,0.27940867355883947,-0.10302656047436876
658466,2024-01-21,19.0,0.01,0.1408104222342752,0.24122601655135614,-0.10041559431708094
658466,2024-01-21,20.0,0.01,0.11156433444518636,0.2396735880084058,-0.12810925356321945
658466,2024-01-21,21.0,0.01,0.11174935172382879,0.2341473633605061,-0.12239801163667731
658466,2024-01-21,22.0,1.389,0.0696266088034284,0.1990962541534721,-0.12946964535004368
658466,2024-01-21,23.0,0.537,0.11706085909628094,0.2419050253897018,-0.12484416629342085
658466,2024-01-21,24.0,0.528,0.1159769967740863,0.2597803489504497,-0.14380335217636342
658466,2024-01-21,25.0,0.534,0.14572825952125706,0.3017243403530142,-0.15599608083175714
658466,2024-01-21,26.0,0.539,0.17212138851913483,0.313361456662862,-0.1412400681437272
658466,2024-01-21,27.0,0.125,0.17165188541767562,0.30030961941729445,-0.12865773399961883
658466,2024-01-21,28.0,0.012,0.17235242933634526,0.3125347979824917,-0.14018236864614642
658466,2024-01-21,29.0,0.032,0.17251380566190866,0.30601072399305956,-0.1334969183311509
658466,2024-01-21,30.0,0.031,0.11366935042173627,0.27412160728727447,-0.1604522568655382
658466,2024-01-21,31.0,0.375,0.11499129013193118,0.27412160728727447,-0.1591303171553433
658466,2024-01-21,32.0,0.53,0.11275989025959342,0.25720282979884906,-0.14444293953925563
658466,2024-01-21,33.0,0.547,0.1649698264354031,0.273375680284218,-0.1084058538488149
658466,2024-01-21,34.0,0.475,0.159283339472499,0.2957721519320427,-0.1364888124595437
658466,2024-01-21,35.0,0.03,0.13581810864064192,0.27961539706309574,-0.14379728842245382
658466,2024-01-21,36.0,0.019,0.10733614317037814,0.2555763230639567,-0.14824017989357857
658466,2024-01-21,37.0,0.012,0.10331439230127706,0.2650913315008381,-0.16177693919956102
658466,2024-01-21,38.0,0.065,0.10982505704071585,0.27514632451511795,-0.1653212674744021
658466,2024-01-21,39.0,0.483,0.1279890712837067,0.2701358710648239,-0.1421467997811172
658466,2024-01-21,40.0,0.54,0.1727433870890825,0.2724618228904318,-0.09971843580134931
658466,2024-01-21,41.0,0.074,0.17830683658627675,0.29141821908822296,-0.11311138250194622
658466,2024-01-21,42.0,0.01,0.1663266298000124,0.2666551977882342,-0.10032856798822182
658466,2024-01-21,43.0,0.022,0.09836932374646935,0.24030134275647794,-0.14193201901000857
658466,2024-01-21,44.0,0.029,0.10619031201385089,0.28089899522394507,-0.1747086832100942
658466,2024-01-21,45.0,0.409,0.11066105307104247,0.29921844464987735,-0.1885573915788349
658466,2024-01-21,46.0,0.338,0.1489674520762122,0.2974765585330416,-0.1485091064568294
658466,2024-01-21,47.0,0.057,0.16703994012976403,0.2713612358526667,-0.10432129572290266
658466,2024-01-21,48.0,0.042,0.17656712749320944,0.29063385294276084,-0.1140667254495514
658466,2024-01-21,49.0,0.042,0.17656712749320944,0.299997122267611,-0.12342999477440156
658466,2024-01-21,50.0,0.125,0.17650165254341402,0.2758572352751225,-0.0993555827317085
658466,2024-01-21,51.0,0.509,0.12015281111563636,0.25638890898231637,-0.13623609786668
658466,2024-01-21,52.0,0.572,0.1051588762658909,0.25536422793754265,-0.15020535167165175
658466,2024-01-21,53.0,0.071,0.12210028886768956,0.2552043225894285,-0.13310403372173893
658466,2024-01-21,54.0,0.04,0.18250434007987132,0.2857550312819238,-0.10325069120205249
658466,2024-01-21,55.0,0.049,0.18256527048784293,0.28109332642959317,-0.09852805594175024
658466,2024-01-21,56.0,0.037,0.18256527048784293,0.2839666181030391,-0.10140134761519615
658466,2024-01-21,57.0,0.439,0.17936750498010967,0.27387811444869276,-0.09451060946858308
658466,2024-01-21,58.0,0.512,0.09977658724407987,0.2424106835723106,-0.14263409632823074
658466,2024-01-21,59.0,0.179,0.09952021639871585,0.2424106835723106,-0.14289046717359477
658466,2024-01-21,60.0,0.048,0.09961570072112938,0.24008055441970128,-0.1404648536985719
658466,2024-01-21,61.0,0.031,0.18594178522959792,0.2899658418538334,-0.10402405662423547
658466,2024-01-21,62.0,0.028,0.18726769805253138,0.29439172659636736,-0.10712402854383599
658466,2024-01-21,63.0,0.317,0.18667779777571666,0.2926596289332382,-0.10598183115752155
658466,2024-01-21,64.0,0.532,0.1866064208250008,0.3083000407628625,-0.12169361993786168
658466,2024-01-21,65.0,0.559,0.1348538718366816,0.2676127241835479,-0.13275885234686632
658466,2024-01-21,66.0,0.406,0.11694230868733888,0.2632118884632686,-0.14626957977592972
658466,2024-01-21,67.0,0.096,0.11843022238931084,0.2644519822570269,-0.14602175986771604
658466,2024-01-21,68.0,0.4,0.11762435360049825,0.26342730121225316,-0.1458029476117549
658466,2024-01-21,69.0,0.171,0.19189196669898276,0.2917557945860095,-0.09986382788702672
658466,2024-01-21,70.0,0.172,0.19329444037234064,0.30862280172437107,-0.11532836135203042
658466,2024-01-21,71.0,0.522,0.19377894938831713,0.3179860710492212,-0.12420712166090409
658466,2024-01-21,72.0,0.555,0.19753610797410118,0.3067031535859772,-0.10916704561187604
658466,2024-01-21,73.0,0.543,0.19828271331199207,0.3228370415389391,-0.12455432822694704
658466,2024-01-21,74.0,0.217,0.14523141855598398,0.2646231343790011,-0.11939171582301711
658466,2024-01-21,75.0,0.029,0.11492008749675946,0.25921685741495953,-0.14429676991820006
658466,2024-01-21,76.0,0.029,0.11492008749675946,0.25375446154595355,-0.13883437404919408
658466,2024-01-21,77.0,0.033,0.11541190785121692,0.24423518360107166,-0.12882327574985475
658466,2024-01-21,78.0,0.306,0.1990523485439172,0.27908381084610845,-0.08003146230219124
658466,2024-01-21,79.0,0.523,0.1990523485439172,0.28274382110956925,-0.08369147256565204
658466,2024-01-21,80.0,0.543,0.1989339068004902,0.2935022928950339,-0.09456838609454368
658466,2024-01-21,81.0,0.557,0.19795963302051403,0.2922005536578462,-0.09424092063733217
658466,2024-01-21,82.0,0.579,0.19937239690789793,0.2985488653567994,-0.09917646844890149
658466,2024-01-21,83.0,0.119,0.1742819022224666,0.2490063956983574,-0.0747244934758908
658466,2024-01-21,84.0,0.055,0.13106067022779228,0.23240452169951079,-0.10134385147171851
658466,2024-01-21,85.0,0.054,0.1313062018384275,0.2310667627206692,-0.0997605608822417
658466,2024-01-21,86.0,0.055,0.13116514830069723,0.2310667627206692,-0.09990161441997197
658466,2024-01-21,87.0,0.443,0.18965568256625406,0.26307464324028834,-0.07341896067403428
658466,2024-01-21,88.0,0.553,0.18966471246392366,0.2719117716787277,-0.08224705921480405
658466,2024-01-21,89.0,0.567,0.18989460854045084,0.28064886493581026,-0.09075425639535942
658466,2024-01-21,90.0,0.556,0.18989460854045084,0.2712855956109601,-0.08139098707050926
658466,2024-01-21,91.0,0.547,0.18907272705343162,0.2712855956109601,-0.08221286855752849
658466,2024-01-21,92.0,0.057,0.13809351305607104,0.22791349243101217,-0.08981997937494113
658466,2024-01-21,93.0,0.013,0.12119124092493404,0.2111853209974935,-0.08999408007255945
658466,2024-01-21,94.0,0.01,0.11458839678001391,0.2088366892605552,-0.0942482924805413
658466,2024-01-21,95.0,0.011,0.22383546194394172,0.2739974200901704,-0.0501619581462287
711910,2023-09-14,0.0,0.419,0.41718176999846784,0.4600035841860842,-0.04282181418761638
711910,2023-09-14,1.0,0.049,0.12786594071074625,0.2914349204804527,-0.16356897976970647
711910,2023-09-14,2.0,0.068,0.12742128953130188,0.2883597769857688,-0.16093848745446693
711910,2023-09-14,3.0,0.061,0.15244214474288895,0.2843515523293358,-0.13190940758644684
711910,2023-09-14,4.0,0.073,0.11812512348735554,0.23811544709443208,-0.11999032360707654
711910,2023-09-14,5.0,0.077,0.1333862758771544,0.2411169731543565,-0.10773069727720211
711910,2023-09-14,6.0,0.088,0.10088509378946402,0.16978884229800523,-0.06890374850854121
711910,2023-09-14,7.0,0.075,0.07729610294284886,0.10879197392904583,-0.03149587098619697
711910,2023-09-14,8.0,0.065,0.08808734768312179,0.1184076133803612,-0.030320265697239404
711910,2023-09-14,9.0,0.057,0.0700168640273752,0.10535879376515137,-0.03534192973777617
711910,2023-09-14,10.0,0.068,0.06003382943016249,0.09480222810407299,-0.034768398673910496
711910,2023-09-14,11.0,0.058,0.06325125954637403,0.07374692678599247,-0.010495667239618436
711910,2023-09-14,12.0,0.043,0.08789240852010903,0.10432153944917714,-0.016429130929068114
711910,2023-09-14,13.0,0.045,0.08589396725497825,0.09384821533548525,-0.007954248080507001
711910,2023-09-14,14.0,0.062,0.08135499953118339,0.08848237302613064,-0.007127373494947256
711910,2023-09-14,15.0,0.094,0.08265540061993382,0.0897112036851525,-0.007055803065218677
711910,2023-09-14,16.0,0.066,0.08563503190617014,0.09267994823925264,-0.007044916333082504
711910,2023-09-14,17.0,0.066,0.07213655567233149,0.08002695530925032,-0.00789039963691883
711910,2023-09-14,18.0,0.081,0.05789943756576636,0.06643958791697373,-0.008540150351207365
711910,2023-09-14,19.0,0.081,0.061139733407249076,0.07776562833424083,-0.016625894926991756
711910,2023-09-14,20.0,0.039,0.05896582690393204,0.06839224855833145,-0.009426421654399414
711910,2023-09-14,21.0,0.02,0.05858171139944873,0.06947406702744156,-0.01089235562799283
711910,2023-09-14,22.0,0.001,0.019232195824810363,0.024442306973458793,-0.00521011114864843
711910,2023-09-14,23.0,0.003,0.04311071020966219,0.037130277699646635,0.005980432510015551
711910,2023-09-14,24.0,0.0,0.011038617350215819,0.017192450200647903,-0.006153832850432084
711910,2023-09-14,25.0,0.008,0.004825622985954519,0.00944741849673926,-0.004621795510784741
711910,2023-09-14,26.0,0.0,0.003989814726319354,0.008800343479258706,-0.004810528752939352
711910,2023-09-14,27.0,0.0,0.004059150396514521,0.007572389517941796,-0.003513239121427275
711910,2023-09-14,28.0,0.0,0.005487576930607929,0.0063687213410684035,-0.0008811444104604741
711910,2023-09-14,29.0,0.0,0.004047341608928598,0.0063687213410684035,-0.0023213797321398055
711910,2023-09-14,30.0,0.049,0.0007517903413475209,0.005082417335422425,-0.004330626994074904
711910,2023-09-14,31.0,0.018,0.0020745789415038433,0.029643235295424435,-0.02756865635392059
711910,2023-09-14,32.0,0.0,0.0026880707397583655,0.0053610434228050785,-0.002672972683046713
711910,2023-09-14,33.0,0.0,0.0023580430300759376,0.008512507690525426,-0.006154464660449489
711910,2023-09-14,34.0,0.0,0.004117636952183594,0.030128838075394262,-0.02601120112321067
711910,2023-09-14,35.0,0.0,0.0020618094355002482,0.0,0.0020618094355002482
711910,2023-09-14,36.0,0.0,0.0018390167612633039,0.00039411759623162666,0.0014448991650316773
711910,2023-09-14,37.0,0.0,0.000266094528578907,0.0,0.000266094528578907
711910,2023-09-14,38.0,0.0,0.0030698876464359203,0.0008131940491716412,0.002256693597264279
711910,2023-09-14,39.0,0.0,0.0018390167612633039,0.0004636743285997773,0.0013753424326635266
711910,2023-09-14,40.0,0.019,0.0018390167612633039,0.0,0.0018390167612633039
711910,2023-09-14,41.0,0.056,0.0,0.02105009000239936,-0.02105009000239936
711910,2023-09-14,42.0,0.071,0.006352320765771245,0.013123021351690165,-0.00677070058591892
711910,2023-09-14,43.0,0.021,0.00806407196192263,0.021399920524508315,-0.013335848562585685
711910,2023-09-14,44.0,0.0,0.0,0.016832758505085244,-0.016832758505085244
711910,2023-09-14,45.0,0.0,0.0018390167612633039,0.0,0.0018390167612633039
711910,2023-09-14,46.0,0.0,0.0,0.04182031835102014,-0.04182031835102014
711910,2023-09-14,47.0,0.006,0.0,0.020985199103870412,-0.020985199103870412
711910,2023-09-14,48.0,0.057,0.0016141440368969125,0.006456577807177033,-0.004842433770280121
711910,2023-09-14,49.0,0.005,0.0017899750970074915,0.03190912800171473,-0.030119152904707236
711910,2023-09-14,50.0,0.0,0.0,0.06136918542287137,-0.06136918542287137
711910,2023-09-14,51.0,0.024,0.0,0.05953242122850275,-0.05953242122850275
711910,2023-09-14,52.0,0.0,0.0016176714702859708,0.006456577807177033,-0.004838906336891062
711910,2023-09-14,53.0,0.0,0.0,0.06136918542287137,-0.06136918542287137
711910,2023-09-14,54.0,0.0,0.012888980288004295,0.023724445036706433,-0.010835464748702138
711910,2023-09-14,55.0,0.0,0.0,0.011433485616611831,-0.011433485616611831
711910,2023-09-14,56.0,0.0,0.0013798747561762554,0.007005949748632749,-0.005626074992456494
711910,2023-09-14,57.0,0.0,0.0010860939435337516,0.008854717726225123,-0.0077686237826913715
711910,2023-09-14,58.0,0.0,0.0011484230733062736,0.021058373517621777,-0.019909950444315504
711910,2023-09-14,59.0,0.0,0.0016303050597439547,0.009765241359797217,-0.008134936300053262
711910,2023-09-14,60.0,0.057,0.0,0.06512140818362035,-0.06512140818362035
711910,2023-09-14,61.0,0.175,0.019035203640441617,0.08132401280634681,-0.06228880916590519
711910,2023-09-14,62.0,0.211,0.0061266949333685,0.09393088744082077,-0.08780419250745228
711910,2023-09-14,63.0,0.23,0.011088798861987222,0.10573697300963679,-0.09464817414764956
711910,2023-09-14,64.0,0.195,0.017375448811863342,0.07381523345886527,-0.05643978464700193
711910,2023-09-14,65.0,0.238,0.004995301379404574,0.07690809402761341,-0.07191279264820884
711910,2023-09-14,66.0,0.335,0.07246296878475494,0.1451434896538905,-0.07268052086913557
711910,2023-09-14,67.0,0.297,0.05995957627487199,0.12973951842083115,-0.06977994214595916
711910,2023-09-14,68.0,0.345,0.06745824358255606,0.13761635847705572,-0.07015811489449966
711910,2023-09-14,69.0,0.406,0.10363709929074669,0.1626432164711027,-0.059006117180356005
711910,2023-09-14,70.0,0.342,0.1139703197639242,0.16936908099420084,-0.055398761230276636
711910,2023-09-14,71.0,0.355,0.11553720223923132,0.16930053005217616,-0.053763327812944836
711910,2023-09-14,72.0,0.303,0.14124984035105184,0.18707868370652306,-0.045828843355471216
711910,2023-09-14,73.0,0.296,0.15377798624483402,0.1959677592425524,-0.04218977299771837
711910,2023-09-14,74.0,0.174,0.1742826983851673,0.22834656528031175,-0.05406386689514445
711910,2023-09-14,75.0,0.138,0.16466831205968122,0.21944223378225336,-0.054773921722572144
711910,2023-09-14,76.0,0.119,0.15181509138935834,0.1800499230921978,-0.02823483170283947
711910,2023-09-14,77.0,0.129,0.16349116574529163,0.19733965301722453,-0.0338484872719329
711910,2023-09-14,78.0,0.128,0.17672902058390208,0.21779765669717696,-0.04106863611327488
711910,2023-09-14,79.0,0.131,0.1789803421270882,0.2178325959633149,-0.0388522538362267
711910,2023-09-14,80.0,0.099,0.15795476544064824,0.19224616575206516,-0.03429140031141692
711910,2023-09-14,81.0,0.095,0.15735229919542199,0.19053764967264758,-0.033185350477225595
711910,2023-09-14,82.0,0.119,0.16919736539249575,0.20641333301588538,-0.037215967623389634
711910,2023-09-14,83.0,0.141,0.17741135640297123,0.21557181374198203,-0.0381604573390108
711910,2023-09-14,84.0,0.129,0.1686851361902001,0.18830670717529902,-0.019621570985098924
711910,2023-09-14,85.0,0.114,0.16418379837974173,0.19462471367894107,-0.030440915299199345
711910,2023-09-14,86.0,0.122,0.15348236499363233,0.16697345421712187,-0.013491089223489544
711910,2023-09-14,87.0,0.13,0.1541982112067643,0.16866826742107502,-0.014470056214310717
711910,2023-09-14,88.0,0.081,0.1344401789723896,0.15700581167639066,-0.022565632704001054
711910,2023-09-14,89.0,0.064,0.10642592318763841,0.11554023837790052,-0.00911431519026211
711910,2023-09-14,90.0,0.074,0.0822252626976614,0.11129737327301321,-0.02907211057535182
711910,2023-09-14,91.0,0.085,0.09307563584065512,0.11445007333284508,-0.021374437492189965
711910,2023-09-14,92.0,0.076,0.08751595521169764,0.1090955812353377,-0.021579626023640067
711910,2023-09-14,93.0,0.058,0.08156297957791893,0.10125733727066555,-0.01969435769274662
711910,2023-09-14,94.0,0.724,0.5357594604532928,0.6181646706463991,-0.08240521019310632
711910,2023-09-14,95.0,0.733,0.5420029149406286,0.6294508871464682,-0.08744797220583966
7286748,2023-05-17,0.0,0.059,0.0594343883589379,0.06612918840040442,-0.006694800041466525
7286748,2023-05-17,1.0,0.058,0.06010907964168578,0.0632802054752581,-0.003171125833572326
7286748,2023-05-17,2.0,0.063,0.0482789217890826,0.05226257143027178,-0.003983649641189177
7286748,2023-05-17,3.0,0.051,0.05180996725387551,0.05532285726911289,-0.0035128900152373785
7286748,2023-05-17,4.0,0.06,0.05840644988376803,0.06033193081614959,-0.001925480932381561
7286748,2023-05-17,5.0,0.062,0.05305508428881065,0.05471312570525955,-0.0016580414164488952
7286748,2023-05-17,6.0,0.055,0.05272828141024113,0.05162571530040064,0.0011025661098404901
7286748,2023-05-17,7.0,0.056,0.05252421073018984,0.05737021147597907,-0.004846000745789232
7286748,2023-05-17,8.0,0.057,0.058269927914532206,0.06041235332997553,-0.002142425415443322
7286748,2023-05-17,9.0,0.061,0.05351553885939297,0.05532285726911289,-0.00180731840971992
7286748,2023-05-17,10.0,0.048,0.04937875198796541,0.05063728904094304,-0.0012585370529776332
7286748,2023-05-17,11.0,0.058,0.0586411833893278,0.06351122157378371,-0.004870038184455909
7286748,2023-05-17,12.0,0.062,0.05294167013660303,0.05438347796998103,-0.0014418078333780018
7286748,2023-05-17,13.0,0.059,0.05399872454161085,0.0544175558803269,-0.0004188313387160497
7286748,2023-05-17,14.0,0.055,0.056550907624931396,0.06217515936013678,-0.005624251735205386
7286748,2023-05-17,15.0,0.095,0.061493773840154274,0.06439100778003247,-0.002897233939878195
7286748,2023-05-17,16.0,0.09,0.06654891386672515,0.06913680205512888,-0.0025878881884037336
7286748,2023-05-17,17.0,0.055,0.06814745205710886,0.08837795530598828,-0.020230503248879428
7286748,2023-05-17,18.0,0.025,0.04641144890388751,0.06194947874948062,-0.015538029845593111
7286748,2023-05-17,19.0,0.0,0.04084694772335907,0.061049478087146954,-0.020202530363787885
7286748,2023-05-17,20.0,0.016,0.04190918143833217,0.05506056178029364,-0.01315138034196147
7286748,2023-05-17,21.0,0.006,0.03392900477733497,0.04222309417677019,-0.008294089399435219
7286748,2023-05-17,22.0,0.0,0.02853800445644856,0.03989150235755396,-0.011353497901105403
7286748,2023-05-17,23.0,0.0,0.028981845504879637,0.03989150235755396,-0.010909656852674324
7286748,2023-05-17,24.0,0.0,0.04312250442848723,0.06965705640523419,-0.026534551976746958
7286748,2023-05-17,25.0,0.0,0.021946502000220927,0.03234907977556751,-0.010402577775346582
7286748,2023-05-17,26.0,0.0,0.029669007690689427,0.03191694857402413,-0.002247940883334701
7286748,2023-05-17,27.0,0.001,0.01492164638732938,0.014572368840845366,0.00034927754648401456
7286748,2023-05-17,28.0,0.0,0.012672540956435763,0.011058005902327374,0.00161453505410839
7286748,2023-05-17,29.0,0.0,0.014158140293212529,0.011058005902327374,0.003100134390885155
7286748,2023-05-17,30.0,0.0,0.0076618584859919426,0.04025627361457253,-0.032594415128580585
7286748,2023-05-17,31.0,0.0,0.006102763490685028,0.0341085773708725,-0.028005813880187472
7286748,2023-05-17,32.0,0.0,0.005135017991375473,0.009888124941876365,-0.004753106950500892
7286748,2023-05-17,33.0,0.0,0.0035249068970282993,0.008404313367938688,-0.004879406470910389
7286748,2023-05-17,34.0,0.0,0.00620375912241819,0.007414944384966049,-0.0012111852625478594
7286748,2023-05-17,35.0,0.0,0.003067678993434736,0.006422035755185774,-0.003354356761751038
7286748,2023-05-17,36.0,0.0,0.003067678993434736,0.00602233232341469,-0.002954653329979954
7286748,2023-05-17,37.0,0.0,0.0024031866338802372,0.005219125795471913,-0.0028159391615916757
7286748,2023-05-17,38.0,0.0,0.0032187696175201056,0.004454434349664189,-0.0012356647321440837
7286748,2023-05-17,39.0,0.0,0.0023486226914680064,0.004088031923311044,-0.0017394092318430373
7286748,2023-05-17,40.0,0.0,0.004804003222698689,0.003920021188707316,0.0008839820339913724
7286748,2023-05-17,41.0,0.0,0.009508626647076728,0.00609274662498947,0.003415880022087258
7286748,2023-05-17,42.0,0.038,0.005501741708697508,0.002426020765893715,0.003075720942803793
7286748,2023-05-17,43.0,0.0,0.0004928893264412871,0.050060471433017055,-0.04956758210657577
7286748,2023-05-17,44.0,0.0,0.0023486226914680064,0.003782099498374183,-0.0014334768069061768
7286748,2023-05-17,45.0,0.0,0.0039828039180820705,0.003030373407088671,0.0009524305109933993
7286748,2023-05-17,46.0,0.0,0.011674988584530688,0.01100930210571109,0.000665686478819599
7286748,2023-05-17,47.0,0.0,0.002306065055424852,0.003030373407088671,-0.0007243083516638191
7286748,2023-05-17,48.0,0.0,0.002238649276648777,0.008491068662649356,-0.006252419386000579
7286748,2023-05-17,49.0,0.0,0.002238649276648777,0.008491068662649356,-0.006252419386000579
7286748,2023-05-17,50.0,0.0,0.002238649276648777,0.008491068662649356,-0.006252419386000579
7286748,2023-05-17,51.0,0.0,0.0037726976887125334,0.008491068662649356,-0.004718370973936823
7286748,2023-05-17,52.0,0.0,0.008385010505529316,0.008491068662649356,-0.00010605815712004009
7286748,2023-05-17,53.0,0.0,0.008856863913779796,0.008491068662649356,0.0003657952511304397
7286748,2023-05-17,54.0,0.0,0.00215104100931005,0.008491068662649356,-0.006340027653339306
7286748,2023-05-17,55.0,0.0,0.001049990210840255,0.008491068662649356,-0.007441078451809102
7286748,2023-05-17,56.0,0.0,0.00215104100931005,0.008491068662649356,-0.006340027653339306
7286748,2023-05-17,57.0,0.0,0.0,0.010391915153434095,-0.010391915153434095
7286748,2023-05-17,58.0,0.0,0.007251375041047105,0.03426403097965237,-0.027012655938605263
7286748,2023-05-17,59.0,0.0,0.005897202285803236,0.0269568115306644,-0.021059609244861163
7286748,2023-05-17,60.0,0.291,0.003163880781964806,0.01851850151873404,-0.015354620736769235
7286748,2023-05-17,61.0,0.086,0.0,0.025212896755366483,-0.025212896755366483
7286748,2023-05-17,62.0,0.002,0.020202469373480417,0.068805245402885,-0.04860277602940459
7286748,2023-05-17,63.0,0.238,0.16760375804966204,0.22234751389802926,-0.054743755848367215
7286748,2023-05-17,64.0,0.444,0.08898099235043287,0.1311688845689439,-0.04218789221851103
7286748,2023-05-17,65.0,0.23,0.07501540122820478,0.12631154749728082,-0.05129614626907604
7286748,2023-05-17,66.0,0.001,0.066631036568208,0.12140437931683741,-0.05477334274862941
7286748,2023-05-17,67.0,0.004,0.02506581222531224,0.07253085344736397,-0.04746504122205173
7286748,2023-05-17,68.0,0.007,0.020979448132678397,0.05265972046477716,-0.03168027233209876
7286748,2023-05-17,69.0,0.084,0.04723585204379266,0.0728252341192518,-0.025589382075459147
7286748,2023-05-17,70.0,0.23,0.09232093458421466,0.13030166377510113,-0.03798072919088648
7286748,2023-05-17,71.0,0.028,0.08616723221982799,0.12258590750800187,-0.036418675288173885
7286748,2023-05-17,72.0,0.09,0.10329264146875679,0.13674198632909731,-0.03344934486034053
7286748,2023-05-17,73.0,0.116,0.14360781335073108,0.1794094329356368,-0.035801619584905714
7286748,2023-05-17,74.0,0.127,0.12744409793217365,0.15431717616947493,-0.026873078237301284
7286748,2023-05-17,75.0,0.137,0.12565874964338136,0.15964476133954014,-0.03398601169615878
7286748,2023-05-17,76.0,0.143,0.14685715356300333,0.21221048674256343,-0.0653533331795601
7286748,2023-05-17,77.0,0.156,0.17219148034028747,0.22557413501706491,-0.05338265467677744
7286748,2023-05-17,78.0,0.199,0.158193014582799,0.20734045792548977,-0.04914744334269078
7286748,2023-05-17,79.0,0.178,0.14235553573890763,0.19985092978608837,-0.05749539404718074
7286748,2023-05-17,80.0,0.304,0.15211186277522337,0.19745743373776617,-0.0453455709625428
7286748,2023-05-17,81.0,0.665,0.15421655157495787,0.1860796614378796,-0.031863109862921735
7286748,2023-05-17,82.0,0.33,0.13877184485504085,0.18436998424362502,-0.045598139388584175
7286748,2023-05-17,83.0,0.348,0.12000329567587212,0.17481233706180407,-0.054809041385931956
7286748,2023-05-17,84.0,0.345,0.11828537659110339,0.15404128911683632,-0.03575591252573293
7286748,2023-05-17,85.0,0.315,0.07808460581365508,0.10437425337478949,-0.026289647561134416
7286748,2023-05-17,86.0,0.321,0.06195092520590753,0.10174809022102312,-0.039797165015115585
7286748,2023-05-17,87.0,0.557,0.07021093048800828,0.10338182964162858,-0.0331708991536203
7286748,2023-05-17,88.0,0.345,0.05879859402523818,0.08203324284472206,-0.02323464881948388
7286748,2023-05-17,89.0,0.323,0.05515445481348741,0.0581930614808033,-0.0030386066673158893
7286748,2023-05-17,90.0,0.304,0.06136203720491176,0.06718123656076473,-0.005819199355852969
7286748,2023-05-17,91.0,0.237,0.05114133409829234,0.05877206146067593,-0.007630727362383585
7286748,2023-05-17,92.0,0.231,0.05558611300885673,0.0632077786007475,-0.007621665591890772
7286748,2023-05-17,93.0,0.203,0.05232310231560468,0.053570481946166516,-0.0012473796305618387
7286748,2023-05-17,94.0,0.174,0.060370567880201245,0.06434594136297869,-0.003975373482777447
7286748,2023-05-17,95.0,0.157,0.051470860368264815,0.05605729100647049,-0.004586430638205678
761079,2023-08-18,0.0,0.067,0.05207969321982562,0.0615518257429099,-0.009472132523084278
761079,2023-08-18,1.0,0.062,0.04990129865966899,0.06363060827813426,-0.013729309618465267
761079,2023-08-18,2.0,0.044,0.049013947927793865,0.06309956140143598,-0.014085613473642115
761079,2023-08-18,3.0,0.045,0.04718464585083123,0.05994015245531742,-0.01275550660448619
761079,2023-08-18,4.0,0.046,0.04847611467592038,0.05585900908969911,-0.0073828944137787275
761079,2023-08-18,5.0,0.044,0.0465784576209406,0.054834328044925364,-0.008255870423984762
761079,2023-08-18,6.0,0.045,0.04660655839835298,0.06324887545768233,-0.01664231705932935
761079,2023-08-18,7.0,0.054,0.05219295252099179,0.06297557487678355,-0.010782622355791763
761079,2023-08-18,8.0,0.066,0.0526410500247326,0.06418509188553399,-0.011544041860801393
761079,2023-08-18,9.0,0.064,0.0493192237176689,0.06363060827813426,-0.014311384560465358
761079,2023-08-18,10.0,0.053,0.04842817302006141,0.06309956140143598,-0.014671388381374571
761079,2023-08-18,11.0,0.044,0.048314040518661554,0.06309956140143598,-0.014785520882774426
761079,2023-08-18,12.0,0.044,0.04925653873532445,0.05682736788446256,-0.007570829149138113
761079,2023-08-18,13.0,0.044,0.04861867542690986,0.056861445794808486,-0.008242770367898625
761079,2023-08-18,14.0,0.045,0.048966053591723104,0.06401416906854578,-0.015048115476822672
761079,2023-08-18,15.0,0.044,0.05190043427430402,0.066047255482956,-0.014146821208651975
761079,2023-08-18,16.0,0.061,0.05430016252652701,0.06587582169603774,-0.011575659169510734
761079,2023-08-18,17.0,0.065,0.05636364790257323,0.06600700519510348,-0.009643357292530255
761079,2023-08-18,18.0,0.064,0.05393519803543424,0.06650377114889434,-0.012568573113460102
761079,2023-08-18,19.0,0.044,0.05243362789354469,0.06560769866046938,-0.013174070766924686
761079,2023-08-18,20.0,0.045,0.05687036091019097,0.07066901185653025,-0.01379865094633928
761079,2023-08-18,21.0,0.238,0.05796520887099918,0.07695174086174177,-0.018986531990742586
761079,2023-08-18,22.0,0.048,0.06374596843037297,0.094185463228446,-0.030439494798073022
761079,2023-08-18,23.0,0.064,0.07251139255234253,0.10351892335908873,-0.031007530806746203
761079,2023-08-18,24.0,0.072,0.06091308921267726,0.06927363811081326,-0.008360548898135998
761079,2023-08-18,25.0,0.066,0.06331409530486871,0.07055157547705886,-0.007237480172190142
761079,2023-08-18,26.0,0.061,0.0633116013080525,0.11343057651092937,-0.05011897520287688
761079,2023-08-18,27.0,0.046,0.053444627320249606,0.11290486258740122,-0.059460235267151614
761079,2023-08-18,28.0,0.045,0.05458496141835616,0.07975706459396666,-0.0251721031756105
761079,2023-08-18,29.0,0.048,0.05517752572881111,0.07198415724785422,-0.01680663151904311
761079,2023-08-18,30.0,0.045,0.05929588350987932,0.07378319952971556,-0.014487316019836237
761079,2023-08-18,31.0,0.046,0.06781676202845295,0.08996979205968951,-0.02215303003123656
761079,2023-08-18,32.0,0.047,0.06422672914828295,0.08247209695476589,-0.018245367806482934
761079,2023-08-18,33.0,0.068,0.05564978125351163,0.09626030344922935,-0.04061052219571772
761079,2023-08-18,34.0,0.065,0.05399073262916441,0.09857308887782042,-0.04458235624865601
761079,2023-08-18,35.0,0.056,0.05918208745727875,0.0715013102353644,-0.012319222778085642
761079,2023-08-18,36.0,0.045,0.056567492871268416,0.0706784377937691,-0.014110944922500687
761079,2023-08-18,37.0,0.046,0.05941071128346985,0.06670808577393338,-0.007297374490463526
761079,2023-08-18,38.0,0.045,0.05475518086183025,0.09409188580981494,-0.03933670494798469
761079,2023-08-18,39.0,0.055,0.059864316074422746,0.08563280038316005,-0.025768484308737308
761079,2023-08-18,40.0,0.056,0.060438499147107486,0.0966559222783935,-0.03621742313128601
761079,2023-08-18,41.0,0.069,0.06036828076035233,0.09597910440059167,-0.035610823640239334
761079,2023-08-18,42.0,0.066,0.06427976147126187,0.0762569197923814,-0.011977158321119535
761079,2023-08-18,43.0,0.131,0.06058702020620632,0.07865836309679326,-0.01807134289058694
761079,2023-08-18,44.0,0.065,0.0560454756515426,0.07626496961726288,-0.02021949396572028
761079,2023-08-18,45.0,0.074,0.05592280095311523,0.0783996975186076,-0.02247689656549238
761079,2023-08-18,46.0,0.058,0.05489333233000703,0.08540204636258476,-0.03050871403257773
761079,2023-08-18,47.0,0.059,0.06251360468092482,0.08008374540577125,-0.01757014072484643
761079,2023-08-18,48.0,0.059,0.05970590411849723,0.09079656466108653,-0.0310906605425893
761079,2023-08-18,49.0,0.073,0.062153876592540645,0.08648663541986838,-0.024332758827327737
761079,2023-08-18,50.0,0.08,0.059305424585427306,0.07056105187431656,-0.011255627288889257
761079,2023-08-18,51.0,0.078,0.05911223330229911,0.07056105187431656,-0.011448818572017454
761079,2023-08-18,52.0,0.081,0.05720138470718352,0.07056105187431656,-0.013359667167133042
761079,2023-08-18,53.0,0.065,0.06011339576166925,0.07868975690404299,-0.018576361142373744
761079,2023-08-18,54.0,0.059,0.06365145252114746,0.11424174712437983,-0.050590294603232375
761079,2023-08-18,55.0,0.05,0.06365145252114746,0.10881124589428444,-0.04515979337313698
761079,2023-08-18,56.0,0.058,0.06302807963834484,0.10943323529225481,-0.04640515565390997
761079,2023-08-18,57.0,0.047,0.05864464086913842,0.10925028430642435,-0.05060564343728593
761079,2023-08-18,58.0,0.062,0.0543520256609239,0.092345607445399,-0.03799358178447511
761079,2023-08-18,59.0,0.067,0.05475536299034946,0.09768685417244459,-0.04293149118209513
761079,2023-08-18,60.0,0.066,0.05821596321132826,0.09020269468450369,-0.03198673147317543
761079,2023-08-18,61.0,0.045,0.06346133310606236,0.10285956110513812,-0.03939822799907576
761079,2023-08-18,62.0,0.044,0.06787074794563133,0.10736775267640146,-0.03949700473077013
761079,2023-08-18,63.0,0.046,0.06555545148954248,0.12047773929203633,-0.05492228780249385
761079,2023-08-18,64.0,0.048,0.06297767539148824,0.11834007338561757,-0.05536239799412933
761079,2023-08-18,65.0,0.06,0.06646701854391068,0.12443336357163441,-0.05796634502772373
761079,2023-08-18,66.0,0.065,0.0669741184001102,0.1433466235925192,-0.07637250519240901
761079,2023-08-18,67.0,0.067,0.061687104600054644,0.13262198158846797,-0.07093487698841333
761079,2023-08-18,68.0,0.069,0.06576980022212042,0.11604685185603979,-0.050277051633919365
761079,2023-08-18,69.0,0.06,0.07083928519409988,0.0973165573096119,-0.026477272115512027
761079,2023-08-18,70.0,0.054,0.07017064464348036,0.09816305739111518,-0.027992412747634823
761079,2023-08-18,71.0,1.18,0.4024436351503648,0.8204423929452761,-0.4179987577949113
761079,2023-08-18,72.0,0.049,0.12177690404036177,0.2680188428326482,-0.14624193879228642
761079,2023-08-18,73.0,0.406,0.10702373044342613,0.2319163388083489,-0.12489260836492276
761079,2023-08-18,74.0,0.213,0.07012663398819814,0.10036527431061999,-0.03023864032242185
761079,2023-08-18,75.0,0.104,0.08051886234537543,0.15301582558670174,-0.0724969632413263
761079,2023-08-18,76.0,0.52,0.07205976719646565,0.10639997535048361,-0.03434020815401796
761079,2023-08-18,77.0,0.059,0.07482522099218333,0.11221000971744045,-0.03738478872525712
761079,2023-08-18,78.0,0.059,0.07610337532641043,0.11212141003877017,-0.036018034712359745
761079,2023-08-18,79.0,0.052,0.08242893724166342,0.1341278754261413,-0.05169893818447788
761079,2023-08-18,80.0,0.05,0.07496011322270477,0.111623595444781,-0.03666348222207623
761079,2023-08-18,81.0,0.059,0.0678680646474623,0.10204216947917104,-0.03417410483170874
761079,2023-08-18,82.0,0.072,0.0657958333576201,0.11690019487424745,-0.05110436151662735
761079,2023-08-18,83.0,0.07,0.06395881033448945,0.09377991120472413,-0.02982110087023468
761079,2023-08-18,84.0,0.062,0.061736960929282256,0.09060330588909189,-0.028866344959809637
761079,2023-08-18,85.0,0.051,0.06336918782366562,0.09265464915264372,-0.029285461328978107
761079,2023-08-18,86.0,0.053,0.06440354788498986,0.09672928252219469,-0.032325734637204825
761079,2023-08-18,87.0,0.064,0.061506703045728195,0.09662262810251916,-0.03511592505679097
761079,2023-08-18,88.0,0.069,0.06075292959397915,0.08353115485099456,-0.022778225257015415
761079,2023-08-18,89.0,0.09,0.05624218407265256,0.07522731958989949,-0.018985135517246933
761079,2023-08-18,90.0,0.068,0.05628448061571369,0.07522731958989949,-0.018942838974185798
761079,2023-08-18,91.0,0.062,0.05312321017612178,0.07141110495494184,-0.018287894778820056
761079,2023-08-18,92.0,0.043,0.05249805161565813,0.07434905041488711,-0.021850998799228978
761079,2023-08-18,93.0,0.045,0.05237215221996916,0.07195815541484364,-0.019586003194874482
761079,2023-08-18,94.0,0.043,0.0533691738681365,0.0763964046217533,-0.023027230753616804
761079,2023-08-18,95.0,0.043,0.05319471438814623,0.07020682201475166,-0.017012107626605433
7679818,2023-07-19,0.0,0.015,0.016850420019473903,0.007159662489717003,0.0096907575297569
7679818,2023-07-19,1.0,0.016,0.01787935228471806,0.01723037342978501,0.0006489788549330494
7679818,2023-07-19,2.0,0.016,0.013725904701889214,0.00603507498293556,0.007690829718953654
7679818,2023-07-19,3.0,0.016,0.018789007842804708,0.01723037342978501,0.001558634413019698
7679818,2023-07-19,4.0,0.015,0.013863702952004082,0.007159662489717003,0.006704040462287079
7679818,2023-07-19,5.0,0.018,0.018789007842804708,0.01723037342978501,0.001558634413019698
7679818,2023-07-19,6.0,0.016,0.018926916641414975,0.01835496093656647,0.0005719557048485049
7679818,2023-07-19,7.0,0.017,0.016850309470978504,0.011731314959803474,0.005118994511175029
7679818,2023-07-19,8.0,0.02,0.014815299542442676,0.01723037342978501,-0.0024150738873423335
7679818,2023-07-19,9.0,0.016,0.016844908810324476,0.007159662489717003,0.009685246320607473
7679818,2023-07-19,10.0,0.017,0.014551588735772465,0.01723037342978501,-0.0026787846940125454
7679818,2023-07-19,11.0,0.016,0.018106386681397645,0.01723037342978501,0.0008760132516126354
7679818,2023-07-19,12.0,0.016,0.015630045580425595,0.017545955549627953,-0.0019159099692023576
7679818,2023-07-19,13.0,0.014,0.018797250327938674,0.019729302011529077,-0.0009320516835904027
7679818,2023-07-19,14.0,0.016,0.01906237390939093,0.018604714504747617,0.00045765940464331453
7679818,2023-07-19,15.0,0.014,0.017453869326240462,0.009341733017383719,0.008112136308856743
7679818,2023-07-19,16.0,0.023,0.02006174614719678,0.020276026306752036,-0.00021428015955525515
7679818,2023-07-19,17.0,0.014,0.02158007767697484,0.02045700743275912,0.0011230702442157209
7679818,2023-07-19,18.0,0.012,0.017893378756134552,0.0077977921662443364,0.010095586589890217
7679818,2023-07-19,19.0,0.007,0.01803128755474482,0.008922379673025792,0.009108907881719027
7679818,2023-07-19,20.0,0.005,0.007546561132879613,0.004435806329593795,0.0031107548032858184
7679818,2023-07-19,21.0,0.002,0.005033528358523162,0.010132046306461737,-0.005098517947938574
7679818,2023-07-19,22.0,0.012,0.004733332541691922,0.004435806329593795,0.00029752621209812747
7679818,2023-07-19,23.0,0.018,0.01236344997380906,0.0007690804704980371,0.011594369503311023
7679818,2023-07-19,24.0,0.022,0.01056496952857054,0.00413106630714859,0.006433903221421951
7679818,2023-07-19,25.0,0.015,0.007241737129973252,0.0006098452037743191,0.006631891926198933
7679818,2023-07-19,26.0,0.025,0.007761786160650282,0.014734998285730955,-0.006973212125080674
7679818,2023-07-19,27.0,0.035,0.009956357585752402,0.015803409078689105,-0.0058470514929367026
7679818,2023-07-19,28.0,0.038,0.004868010137472702,0.020972361085608224,-0.01610435094813552
7679818,2023-07-19,29.0,0.039,0.008428116774339977,0.02902609297251127,-0.020597976198171292
7679818,2023-07-19,30.0,0.017,0.008119449923537903,0.013901185570777966,-0.005781735647240063
7679818,2023-07-19,31.0,0.028,0.013747161749488902,0.026836762760478448,-0.013089601010989545
7679818,2023-07-19,32.0,0.048,0.008724753661642945,0.027509838006354728,-0.01878508434471178
7679818,2023-07-19,33.0,0.044,0.004847198685005354,0.007909845416957256,-0.0030626467319519015
7679818,2023-07-19,34.0,0.057,0.0030277597233797932,0.0023241083291852364,0.0007036513941945568
7679818,2023-07-19,35.0,0.017,0.005791150724899804,0.016289397432557844,-0.010498246707658039
7679818,2023-07-19,36.0,0.006,0.0025945202230692904,0.0,0.0025945202230692904
7679818,2023-07-19,37.0,0.02,0.002179673829631297,0.0,0.002179673829631297
7679818,2023-07-19,38.0,0.017,0.0017180366958617927,0.0,0.0017180366958617927
7679818,2023-07-19,39.0,0.017,0.0020213871272725635,0.0,0.0020213871272725635
7679818,2023-07-19,40.0,0.001,0.0020722983448982347,0.0,0.0020722983448982347
7679818,2023-07-19,41.0,0.0,0.0019662962117418417,0.0,0.0019662962117418417
7679818,2023-07-19,42.0,0.001,0.0017731195080547889,0.0018304853287480776,-5.7365820693288695e-05
7679818,2023-07-19,43.0,0.005,0.0006631617146374464,0.0,0.0006631617146374464
7679818,2023-07-19,44.0,0.0,0.00033309548392074885,0.0,0.00033309548392074885
7679818,2023-07-19,45.0,0.0,0.0022046483947569776,0.0,0.0022046483947569776
7679818,2023-07-19,46.0,0.0,0.0012929575956886485,0.0,0.0012929575956886485
7679818,2023-07-19,47.0,0.0,0.0003099736744591155,0.0,0.0003099736744591155
7679818,2023-07-19,48.0,0.0,0.0013499360365673574,0.0,0.0013499360365673574
7679818,2023-07-19,49.0,0.0,0.0,0.0,0.0
7679818,2023-07-19,50.0,0.0,0.0,0.0,0.0
7679818,2023-07-19,51.0,0.0,7.852137076109332e-05,0.0,7.852137076109332e-05
7679818,2023-07-19,52.0,0.0,0.0,0.0,0.0
7679818,2023-07-19,53.0,0.0,0.00036899333500570733,0.0,0.00036899333500570733
7679818,2023-07-19,54.0,0.0,0.00036899333500570733,0.0,0.00036899333500570733
7679818,2023-07-19,55.0,0.0,0.00036899333500570733,0.0,0.00036899333500570733
7679818,2023-07-19,56.0,0.0,0.0001143791959334987,0.0,0.0001143791959334987
7679818,2023-07-19,57.0,0.0,0.001378268187094778,0.00561265434737293,-0.004234386160278152
7679818,2023-07-19,58.0,0.0,0.0013875618136682533,0.0014971760175338366,-0.00010961420386558333
7679818,2023-07-19,59.0,0.0,0.0016607012223433559,0.006068828487620306,-0.00440812726527695
7679818,2023-07-19,60.0,0.0,0.00026188596240620226,0.0,0.00026188596240620226
7679818,2023-07-19,61.0,0.0,6.245823791451684e-05,0.0,6.245823791451684e-05
7679818,2023-07-19,62.0,0.001,0.0011622366011021638,0.0,0.0011622366011021638
7679818,2023-07-19,63.0,0.0,0.0002163394253209596,0.0,0.0002163394253209596
7679818,2023-07-19,64.0,0.0,0.0011764988705983558,0.0,0.0011764988705983558
7679818,2023-07-19,65.0,0.0,0.0015551491233715931,0.0,0.0015551491233715931
7679818,2023-07-19,66.0,0.001,0.00023145527846526006,0.0,0.00023145527846526006
7679818,2023-07-19,67.0,0.0,0.0016698212050134682,0.007999139528783087,-0.006329318323769619
7679818,2023-07-19,68.0,0.0,0.0014996540928541436,0.007999139528783087,-0.006499485435928943
7679818,2023-07-19,69.0,0.0,0.001586345624710766,0.009275939402429666,-0.0076895937777189
7679818,2023-07-19,70.0,0.0,0.00121984160887547,0.011300389178219645,-0.010080547569344175
7679818,2023-07-19,71.0,0.001,0.0013265983285327724,0.01173252037976302,-0.010405922051230247
7679818,2023-07-19,72.0,0.0,0.001999414298669789,0.0073420860998205896,-0.0053426718011508004
7679818,2023-07-19,73.0,0.002,0.020023043057180293,0.026865269886023578,-0.0068422268288432855
7679818,2023-07-19,74.0,0.003,0.021166706790711455,0.02796093085926875,-0.006794224068557293
7679818,2023-07-19,75.0,0.027,0.021964906436414113,0.031053791428016828,-0.009088884991602715
7679818,2023-07-19,76.0,0.021,0.016339692640952933,0.00630700560321045,0.010032687037742481
7679818,2023-07-19,77.0,0.019,0.019388751538460258,0.02796093085926875,-0.00857217932080849
7679818,2023-07-19,78.0,0.017,0.018430482942553776,0.02207820466695257,-0.003647721724398794
7679818,2023-07-19,79.0,0.019,0.017579753978398005,0.015094394493361075,0.0024853594850369302
7679818,2023-07-19,80.0,0.018,0.018447461125123146,0.02610871181420342,-0.007661250689080273
7679818,2023-07-19,81.0,0.018,0.01857031875624688,0.026212488315266524,-0.007642169559019644
7679818,2023-07-19,82.0,0.018,0.018659392435439556,0.026555956608329195,-0.007896564172889638
7679818,2023-07-19,83.0,0.019,0.016594737777183607,0.008214679417066011,0.008380058360117596
7679818,2023-07-19,84.0,0.016,0.019734003496610385,0.020652848013498492,-0.0009188445168881072
7679818,2023-07-19,85.0,0.019,0.01818920842819821,0.01080044669880746,0.0073887617293907516
7679818,2023-07-19,86.0,0.018,0.015988354341825932,0.02656739761574341,-0.010579043273917479
7679818,2023-07-19,87.0,0.018,0.014755192631387182,0.010693792279131949,0.004061400352255233
7679818,2023-07-19,88.0,0.018,0.020017090166800967,0.023506160205476162,-0.0034890700386751954
7679818,2023-07-19,89.0,0.019,0.014231602560680451,0.006017372247527437,0.008214230313153013
7679818,2023-07-19,90.0,0.016,0.015577985577975727,0.017212670694376934,-0.0016346851164012067
7679818,2023-07-19,91.0,0.015,0.021802518293069176,0.022879984137708555,-0.001077465844639379
7679818,2023-07-19,92.0,0.022,0.0151594317903104,0.016088083187595494,-0.0009286513972850945
7679818,2023-07-19,93.0,0.017,0.0151594317903104,0.016088083187595494,-0.0009286513972850945
7679818,2023-07-19,94.0,0.017,0.0151594317903104,0.016088083187595494,-0.0009286513972850945
7679818,2023-07-19,95.0,0.015,0.01381304877301512,0.0048927847407460095,0.008920264032269112
7771161,2023-12-18,0.0,0.647,0.9545968963931227,1.0998345456976264,-0.14523764930450367
7771161,2023-12-18,1.0,1.232,1.1096549174552492,1.1410816177269463,-0.03142670027169703
7771161,2023-12-18,2.0,1.258,1.2184895511043254,1.190500239356112,0.027989311748213508
7771161,2023-12-18,3.0,0.719,1.1571289890216372,1.0980912524557784,0.059037736565858756
7771161,2023-12-18,4.0,0.095,1.1593551540310394,1.1545876519418108,0.0047675020892286035
7771161,2023-12-18,5.0,0.089,0.996625913955062,1.0783322194621743,-0.08170630550711233
7771161,2023-12-18,6.0,1.549,1.098462172696306,1.0728464007536977,0.025615771942608223
7771161,2023-12-18,7.0,1.296,1.2449782713102646,1.2546087436777293,-0.009630472367464726
7771161,2023-12-18,8.0,2.613,1.1341217017841196,1.0698654576434827,0.06425624414063691
7771161,2023-12-18,9.0,2.121,1.3278912959293614,1.2192652051697033,0.10862609075965812
7771161,2023-12-18,10.0,0.103,1.1925517386818414,1.1682303689859141,0.024321369695927242
7771161,2023-12-18,11.0,0.091,1.2702206932437243,1.126026820689424,0.14419387255430038
7771161,2023-12-18,12.0,0.978,1.1223573069191262,1.0958033837962917,0.026553923122834444
7771161,2023-12-18,13.0,1.237,1.2486907187323297,1.2301875998605185,0.01850311887181122
7771161,2023-12-18,14.0,1.273,1.0327861792083952,1.0358021858370163,-0.003016006628621115
7771161,2023-12-18,15.0,0.327,0.8985183373301654,1.0383460767666206,-0.1398277394364552
7771161,2023-12-18,16.0,0.4,1.1508966562060823,1.123687632035389,0.027209024170693263
7771161,2023-12-18,17.0,1.449,1.2672441406014447,1.2351637936207127,0.03208034698073203
7771161,2023-12-18,18.0,2.072,1.2616779791161399,1.2456473793175271,0.016030599798612766
7771161,2023-12-18,19.0,1.445,1.3811789224625126,1.3714455466536424,0.009733375808870237
7771161,2023-12-18,20.0,1.205,1.2138478200738858,1.1819831171087423,0.03186470296514354
7771161,2023-12-18,21.0,0.165,1.0327287221928798,1.0988331162872256,-0.06610439409434576
7771161,2023-12-18,22.0,0.366,1.1143994505848143,1.110463257371363,0.003936193213451178
7771161,2023-12-18,23.0,0.694,1.3231764867093974,1.2587792191024196,0.06439726760697773
7771161,2023-12-18,24.0,2.215,1.1500718751572996,1.088247110890886,0.06182476426641359
7771161,2023-12-18,25.0,2.23,1.0421262994231082,1.0046406172251308,0.03748568219797743
7771161,2023-12-18,26.0,0.223,0.9779219313825449,1.0358749733197665,-0.05795304193722162
7771161,2023-12-18,27.0,0.161,1.5886425582050077,1.4003175881447953,0.18832497006021232
7771161,2023-12-18,28.0,0.771,1.1537941876021778,1.1830789911026447,-0.029284803500466916
7771161,2023-12-18,29.0,1.631,1.1499154211108815,1.1129993636161246,0.036916057494756904
7771161,2023-12-18,30.0,1.94,0.9857593398201182,1.0010938676616439,-0.01533452784152567
7771161,2023-12-18,31.0,1.698,1.0715064605594298,1.031726687196458,0.03977977336297167
7771161,2023-12-18,32.0,0.132,1.2851274504566141,1.106451536447958,0.17867591400865623
7771161,2023-12-18,33.0,0.232,1.2088101296083182,1.1963345036860142,0.012475625922304001
7771161,2023-12-18,34.0,1.232,1.015418378860153,1.0104276838203636,0.004990695039789328
7771161,2023-12-18,35.0,1.258,1.3052827760668726,1.1951665852897688,0.11011619077710377
7771161,2023-12-18,36.0,0.622,1.0104297018088546,1.021689784104785,-0.01126008229593034
7771161,2023-12-18,37.0,1.223,0.8966177510233077,0.8050542650882262,0.09156348593508146
7771161,2023-12-18,38.0,1.237,1.0294754907745196,1.0071943034978956,0.02228118727662398
7771161,2023-12-18,39.0,1.237,0.9281011785496981,0.9884346016726658,-0.060333423122967744
7771161,2023-12-18,40.0,0.695,0.911766603030282,0.9891447573857005,-0.0773781543554185
7771161,2023-12-18,41.0,0.119,0.9904205246168865,0.9873415228695502,0.0030790017473362186
7771161,2023-12-18,42.0,1.166,1.100813552808945,1.0358977291788096,0.06491582363013548
7771161,2023-12-18,43.0,2.204,1.1699005083271685,1.0314570592597363,0.13844344906743222
7771161,2023-12-18,44.0,1.891,0.9389610761155857,0.9782169256483545,-0.03925584953276884
7771161,2023-12-18,45.0,1.078,0.8846169636631718,1.020831909595563,-0.13621494593239114
7771161,2023-12-18,46.0,0.129,1.0681512832933984,1.0895637219946224,-0.021412438701224
7771161,2023-12-18,47.0,0.168,1.0723950704974863,1.0377594206073737,0.034635649890112585
7771161,2023-12-18,48.0,1.205,0.9641270306260803,0.9707850370357338,-0.006658006409653527
7771161,2023-12-18,49.0,1.02,0.856299278594292,0.860319964539296,-0.004020685945004043
7771161,2023-12-18,50.0,0.68,1.1285922367153647,1.0765775914750038,0.052014645240360924
7771161,2023-12-18,51.0,1.229,1.1864422418980987,1.1360815082324485,0.05036073366565019
7771161,2023-12-18,52.0,1.245,1.1390088999418777,1.0337248943121713,0.10528400562970641
7771161,2023-12-18,53.0,0.432,0.6613542360438123,0.7201128317546546,-0.0587585957108423
7771161,2023-12-18,54.0,0.524,0.8603955648297734,0.9275582526428834,-0.06716268781310997
7771161,2023-12-18,55.0,0.802,1.38946940672911,1.2944560778124004,0.09501332891670966
7771161,2023-12-18,56.0,1.435,1.0904210126254488,1.0188910041457913,0.07153000847965751
7771161,2023-12-18,57.0,1.242,0.9486526126966426,0.9652603412614533,-0.016607728564810742
7771161,2023-12-18,58.0,1.204,0.9345317990120203,0.9862365022571129,-0.051704703245092576
7771161,2023-12-18,59.0,0.115,0.9904121470468138,1.034881639566281,-0.04446949251946719
7771161,2023-12-18,60.0,0.114,1.0865024279230602,1.0702967410244715,0.0162056868985887
7771161,2023-12-18,61.0,0.854,1.0627327692496282,1.0089018023989091,0.053830966850719086
7771161,2023-12-18,62.0,2.442,1.1260424989292361,1.0615743379157117,0.06446816101352448
7771161,2023-12-18,63.0,0.631,1.1121104726285012,1.183727275049845,-0.07161680242134394
7771161,2023-12-18,64.0,0.46,1.3851111688226803,1.2764363832512988,0.10867478557138144
7771161,2023-12-18,65.0,1.059,1.016760547180283,1.1003540067037618,-0.08359345952347885
7771161,2023-12-18,66.0,1.425,1.003067183534969,1.1058140473600053,-0.1027468638250364
7771161,2023-12-18,67.0,1.622,1.2783392705300276,1.2826576012372284,-0.004318330707200779
7771161,2023-12-18,68.0,2.246,1.14664143973552,1.2172452624341756,-0.07060382269865562
7771161,2023-12-18,69.0,0.263,1.0314772941297774,1.1560975965480405,-0.12462030241826305
7771161,2023-12-18,70.0,0.169,1.0207342227095504,1.159012382493551,-0.1382781597840006
7771161,2023-12-18,71.0,0.207,1.24266087499665,1.244068018423353,-0.0014071434267031169
7771161,2023-12-18,72.0,1.306,1.1246675762035714,1.2396623991509357,-0.1149948229473643
7771161,2023-12-18,73.0,1.335,0.9150639013050229,1.1515337236710967,-0.23646982236607383
7771161,2023-12-18,74.0,0.884,0.8465040677819211,1.1309928087799834,-0.2844887409980623
7771161,2023-12-18,75.0,0.718,1.2643086756501036,1.2779309947299662,-0.013622319079862555
7771161,2023-12-18,76.0,0.851,1.351887305285005,1.389818391595008,-0.03793108631000308
7771161,2023-12-18,77.0,1.246,1.0877495904840564,1.2353843970871428,-0.14763480660308637
7771161,2023-12-18,78.0,1.321,1.2161761836716878,1.269662461135406,-0.053486277463718146
7771161,2023-12-18,79.0,1.231,1.499577802373967,1.687563230555324,-0.1879854281813571
7771161,2023-12-18,80.0,0.248,1.488016383382617,1.5690561499915385,-0.08103976660892154
7771161,2023-12-18,81.0,0.41,1.1201438912562616,1.2123098408636235,-0.09216594960736191
7771161,2023-12-18,82.0,0.965,0.9738940326215072,1.230137860047345,-0.25624382742583773
7771161,2023-12-18,83.0,0.777,1.1445076883273388,1.2858624777446481,-0.14135478941730928
7771161,2023-12-18,84.0,2.455,1.0202947928146873,1.1452039955006215,-0.1249092026859342
7771161,2023-12-18,85.0,1.73,1.2180365310343617,1.220430912373121,-0.002394381338759244
7771161,2023-12-18,86.0,0.874,1.1713930897390883,1.2231723979408873,-0.05177930820179899
7771161,2023-12-18,87.0,0.39,0.8798283032023165,1.2384231255615605,-0.358594822359244
7771161,2023-12-18,88.0,0.976,0.8568500424459929,1.2003819174580461,-0.3435318750120532
7771161,2023-12-18,89.0,2.318,1.1609973707168355,1.1500999943568224,0.010897376360013089
7771161,2023-12-18,90.0,0.9,1.245677833656511,1.3006197197601048,-0.05494188610359374
7771161,2023-12-18,91.0,1.128,1.3341621842291929,1.3740865243912235,-0.039924340162030614
7771161,2023-12-18,92.0,2.414,1.2399777370660374,1.1962970565564364,0.043680680509601055
7771161,2023-12-18,93.0,1.543,1.1104002474453352,1.124684287990483,-0.01428404054514787
7771161,2023-12-18,94.0,0.089,1.0744767437979499,1.1241275289422974,-0.04965078514434751
7771161,2023-12-18,95.0,0.096,0.9437652486696649,1.245585654705292,-0.301820406035627
7906883,2023-08-20,0.0,0.11,0.12344575899957651,0.15503960504184114,-0.03159384604226463
7906883,2023-08-20,1.0,0.12,0.1194029744595296,0.13448958843368927,-0.015086613974159668
7906883,2023-08-20,2.0,0.138,0.10987257802931805,0.11962409800122377,-0.009751519971905723
7906883,2023-08-20,3.0,0.147,0.10968725140220541,0.12453125000686338,-0.014843998604657974
7906883,2023-08-20,4.0,0.124,0.10348184236051607,0.12046831928283046,-0.016986476922314392
7906883,2023-08-20,5.0,0.113,0.10055591586651978,0.11655948060946635,-0.016003564742946563
7906883,2023-08-20,6.0,0.111,0.10575407955346791,0.12893859266576163,-0.02318451311229372
7906883,2023-08-20,7.0,0.125,0.11327480603997989,0.12709415839358826,-0.013819352353608372
7906883,2023-08-20,8.0,0.155,0.11786189546855635,0.1337332941311048,-0.01587139866254844
7906883,2023-08-20,9.0,0.134,0.1141063262779795,0.12495935933016032,-0.010853033052180827
7906883,2023-08-20,10.0,0.144,0.09488261790345846,0.12128628856162683,-0.02640367065816837
7906883,2023-08-20,11.0,0.111,0.10014642324505783,0.11720041981195271,-0.01705399656689488
7906883,2023-08-20,12.0,0.106,0.11156250110720434,0.12867252819096706,-0.01711002708376272
7906883,2023-08-20,13.0,0.115,0.10894991266619794,0.12779881722082131,-0.018848904554623375
7906883,2023-08-20,14.0,0.137,0.1161255945774688,0.12482912258199526,-0.008703528004526465
7906883,2023-08-20,15.0,0.145,0.11170508683335884,0.11546343382590092,-0.003758346992542086
7906883,2023-08-20,16.0,0.124,0.09935201187805416,0.12159720904338019,-0.022245197165326025
7906883,2023-08-20,17.0,0.109,0.08503713943336744,0.11082004959291294,-0.025782910159545508
7906883,2023-08-20,18.0,0.109,0.0777469030958648,0.10251430941287329,-0.024767406317008495
7906883,2023-08-20,19.0,0.059,0.02625754154809037,0.04911892735535821,-0.022861385807267837
7906883,2023-08-20,20.0,0.031,0.013000548622691148,0.010231035355639554,0.002769513267051594
7906883,2023-08-20,21.0,0.015,0.02386081570306281,0.018270404146265094,0.0055904115567977156
7906883,2023-08-20,22.0,0.003,0.013763153743663865,0.009444776570705008,0.004318377172958857
7906883,2023-08-20,23.0,0.003,0.015123033209073072,0.03240460036779637,-0.017281567158723296
7906883,2023-08-20,24.0,0.0,0.009816972911470778,0.03137473517451407,-0.021557762263043293
7906883,2023-08-20,25.0,0.003,0.01915214984747461,0.04269313777000737,-0.023540987922532758
7906883,2023-08-20,26.0,0.001,0.013132946361489158,0.03853221574234275,-0.025399269380853594
7906883,2023-08-20,27.0,0.0,0.008329252923532149,0.016733735820967956,-0.008404482897435808
7906883,2023-08-20,28.0,0.0,0.010393290488731803,0.01852872100719263,-0.008135430518460827
7906883,2023-08-20,29.0,0.001,0.008735424917168229,0.011085752699939333,-0.002350327782771104
7906883,2023-08-20,30.0,0.0,0.006461414202761463,0.011186179217494933,-0.004724765014733469
7906883,2023-08-20,31.0,0.0,0.006913211966198286,0.011186179217494933,-0.004272967251296647
7906883,2023-08-20,32.0,0.0,0.016997678584669742,0.03977116997499006,-0.02277349139032032
7906883,2023-08-20,33.0,0.0,0.016088902979637342,0.0392872657859732,-0.023198362806335856
7906883,2023-08-20,34.0,0.0,0.006824930727201962,0.012318912833044895,-0.005493982105842933
7906883,2023-08-20,35.0,0.0,0.00725531632690883,0.011621588460848195,-0.004366272133939365
7906883,2023-08-20,36.0,0.0,0.0035052614573877383,0.011984570994743753,-0.008479309537356015
7906883,2023-08-20,37.0,0.0,0.0035052614573877383,0.013410585786639537,-0.0099053243292518
7906883,2023-08-20,38.0,0.0,0.0035052614573877383,0.013410585786639537,-0.0099053243292518
7906883,2023-08-20,39.0,0.0,0.0035052614573877383,0.014753386630011306,-0.011248125172623568
7906883,2023-08-20,40.0,0.0,0.006500211051955685,0.01353624433243322,-0.007036033280477534
7906883,2023-08-20,41.0,0.0,0.003603231215456219,0.011424571379785128,-0.00782134016432891
7906883,2023-08-20,42.0,0.0,0.0035052614573877383,0.011424571379785128,-0.00791930992239739
7906883,2023-08-20,43.0,0.0,0.0035052614573877383,0.011424571379785128,-0.00791930992239739
7906883,2023-08-20,44.0,0.0,0.0035052614573877383,0.011424571379785128,-0.00791930992239739
7906883,2023-08-20,45.0,0.0,0.0035052614573877383,0.011424571379785128,-0.00791930992239739
7906883,2023-08-20,46.0,0.0,0.0035052614573877383,0.011424571379785128,-0.00791930992239739
7906883,2023-08-20,47.0,0.0,0.0035055084458362447,0.011424571379785128,-0.007919062933948885
7906883,2023-08-20,48.0,0.0,0.0035342174642056462,0.022425243910633587,-0.01889102644642794
7906883,2023-08-20,49.0,0.0,0.0035342174642056462,0.022425243910633587,-0.01889102644642794
7906883,2023-08-20,50.0,0.0,0.003540108157588419,0.022425243910633587,-0.01888513575304517
7906883,2023-08-20,51.0,0.0,0.0035442187019004883,0.022425243910633587,-0.0188810252087331
7906883,2023-08-20,52.0,0.0,0.03246334809849813,0.08877598265912164,-0.056312634560623506
7906883,2023-08-20,53.0,0.0,0.03980174715808225,0.12569229233860893,-0.08589054518052669
7906883,2023-08-20,54.0,0.0,0.04411730696209685,0.14795578196710032,-0.10383847500500348
7906883,2023-08-20,55.0,0.0,0.034009304564809786,0.10130244111523161,-0.06729313655042182
7906883,2023-08-20,56.0,0.0,0.007201533331907034,0.028485626555971137,-0.021284093224064105
7906883,2023-08-20,57.0,0.0,0.00635543232346139,0.023270397864986348,-0.016914965541524957
7906883,2023-08-20,58.0,0.0,0.008642669766267862,0.03819583766030769,-0.029553167894039827
7906883,2023-08-20,59.0,0.0,0.006929355491450181,0.055809317807688115,-0.04887996231623794
7906883,2023-08-20,60.0,0.0,0.008169705342088694,0.028525728590214808,-0.020356023248126114
7906883,2023-08-20,61.0,0.0,0.00825224028036843,0.03266833960292078,-0.02441609932255235
7906883,2023-08-20,62.0,0.0,0.008286070056915526,0.022866893269732194,-0.014580823212816669
7906883,2023-08-20,63.0,0.0,0.06539969100313014,0.10376947572550689,-0.038369784722376746
7906883,2023-08-20,64.0,0.003,0.07872657111594668,0.18019764779120076,-0.10147107667525408
7906883,2023-08-20,65.0,0.004,0.04547161051369855,0.19428802798003939,-0.14881641746634083
7906883,2023-08-20,66.0,0.0,0.04225933260617779,0.18486088552270602,-0.14260155291652823
7906883,2023-08-20,67.0,0.008,0.04689144978944658,0.17839597618841915,-0.1315045263989726
7906883,2023-08-20,68.0,0.043,0.08534903478526128,0.24954948649918843,-0.16420045171392716
7906883,2023-08-20,69.0,0.126,0.09084904242778911,0.24178067612118845,-0.15093163369339935
7906883,2023-08-20,70.0,0.261,0.07163941709942262,0.2298448367258369,-0.15820541962641427
7906883,2023-08-20,71.0,0.18,0.12103636820025597,0.27103037010410796,-0.14999400190385198
7906883,2023-08-20,72.0,0.125,0.14620866925744685,0.27116009248684664,-0.12495142322939978
7906883,2023-08-20,73.0,0.118,0.13902228333263777,0.19473052952204223,-0.05570824618940445
7906883,2023-08-20,74.0,0.15,0.2048550075759566,0.22619894485075648,-0.021343937274799885
7906883,2023-08-20,75.0,0.194,0.27319811805848054,0.3087556725012094,-0.035557554442728845
7906883,2023-08-20,76.0,0.159,0.2649856813063505,0.276414129898558,-0.01142844859220754
7906883,2023-08-20,77.0,0.152,0.19559082262369337,0.2413102536753513,-0.04571943105165793
7906883,2023-08-20,78.0,0.115,0.1798867818860618,0.2052324127278505,-0.025345630841788702
7906883,2023-08-20,79.0,0.107,0.14771886525532246,0.16399948762762975,-0.01628062237230729
7906883,2023-08-20,80.0,0.119,0.12950393578434544,0.1367621701964779,-0.007258234412132469
7906883,2023-08-20,81.0,0.132,0.1318159130574089,0.13038336320419483,0.0014325498532140601
7906883,2023-08-20,82.0,0.137,0.12157664037997101,0.12068589928670742,0.0008907410932635917
7906883,2023-08-20,83.0,0.146,0.10539389314184727,0.11596081809046396,-0.01056692494861669
7906883,2023-08-20,84.0,0.105,0.12090921396163942,0.12844447724573982,-0.007535263284100396
7906883,2023-08-20,85.0,0.115,0.12243735089384204,0.12920404792347526,-0.006766697029633215
7906883,2023-08-20,86.0,0.101,0.12129962930593194,0.134442634187364,-0.013143004881432052
7906883,2023-08-20,87.0,0.139,0.12580131300599295,0.13392369922981262,-0.008122386223819666
7906883,2023-08-20,88.0,0.151,0.10754713921877895,0.1191712064932639,-0.01162406727448495
7906883,2023-08-20,89.0,0.15,0.1066902520867602,0.11643795453545808,-0.009747702448697881
7906883,2023-08-20,90.0,0.11,0.11881531647022267,0.12974667716509633,-0.01093136069487366
7906883,2023-08-20,91.0,0.11,0.11174018919270293,0.13200249428204977,-0.020262305089346844
7906883,2023-08-20,92.0,0.109,0.10738708186027018,0.12102310753092166,-0.013636025670651475
7906883,2023-08-20,93.0,0.141,0.1071319750187334,0.11847068675807848,-0.011338711739345086
7906883,2023-08-20,94.0,0.134,0.10695090258203516,0.11721552849899183,-0.010264625916956677
7906883,2023-08-20,95.0,0.131,0.11160582522144571,0.11219113118763516,-0.0005853059661894422
8087988,2023-03-30,0.0,0.063,0.2495789329843967,0.3583153344382111,-0.10873640145381441
8087988,2023-03-30,1.0,0.05,0.23107660308719027,0.2979453168031684,-0.0668687137159781
8087988,2023-03-30,2.0,0.063,0.15263798253535113,0.2489606959785607,-0.09632271344320956
8087988,2023-03-30,3.0,0.051,0.257264221590348,0.3188964576689926,-0.0616322360786446
8087988,2023-03-30,4.0,0.067,0.16008759527927136,0.20944673384849932,-0.04935913856922797
8087988,2023-03-30,5.0,0.083,0.17827636627070592,0.2592140686637018,-0.08093770239299586
8087988,2023-03-30,6.0,0.477,0.14785624467096858,0.22337007817066204,-0.07551383349969346
8087988,2023-03-30,7.0,0.505,0.20998605829923897,0.28806659445429117,-0.0780805361550522
8087988,2023-03-30,8.0,0.612,0.21832081945150333,0.26236234507272377,-0.044041525621220434
8087988,2023-03-30,9.0,0.091,0.24430212099395654,0.3568622792519041,-0.11256015825794757
8087988,2023-03-30,10.0,0.053,0.34169789932234346,0.36765706239725454,-0.025959163074911085
8087988,2023-03-30,11.0,0.353,0.16480501624504879,0.2493337146449405,-0.08452869839989172
8087988,2023-03-30,12.0,2.957,0.16846828421350074,0.23831433931554533,-0.06984605510204459
8087988,2023-03-30,13.0,0.539,0.22150915519582684,0.30461380729799326,-0.08310465210216642
8087988,2023-03-30,14.0,0.134,0.37014499073875,0.4055369797614165,-0.03539198902266649
8087988,2023-03-30,15.0,0.773,0.29122659378871213,0.3864939766554861,-0.095267382866774
8087988,2023-03-30,16.0,0.072,0.41488195538736033,0.4803756038165771,-0.06549364842921679
8087988,2023-03-30,17.0,0.483,0.7317809789860433,0.6042426313555418,0.12753834763050154
8087988,2023-03-30,18.0,0.255,0.22945402651261124,0.3130748362618976,-0.08362080974928635
8087988,2023-03-30,19.0,0.078,0.19359064829269737,0.26063706887486676,-0.06704642058216939
8087988,2023-03-30,20.0,0.072,0.2656655790709689,0.33852218168242215,-0.07285660261145327
8087988,2023-03-30,21.0,0.52,0.16476312999527964,0.23182385398206773,-0.06706072398678808
8087988,2023-03-30,22.0,0.173,0.20821344506578676,0.27906579776339735,-0.07085235269761059
8087988,2023-03-30,23.0,1.005,0.7071022035051482,0.6671173564459375,0.03998484705921068
8087988,2023-03-30,24.0,0.268,0.35028558036460977,0.43640895456609335,-0.08612337420148358
8087988,2023-03-30,25.0,0.576,0.21814195528956531,0.2860116139456881,-0.06786965865612277
8087988,2023-03-30,26.0,0.181,0.19829679078697132,0.2548645627622357,-0.05656777197526436
8087988,2023-03-30,27.0,0.156,0.28710080757041134,0.3496522764142718,-0.06255146884386048
8087988,2023-03-30,28.0,0.414,0.28604499220580454,0.3368549997525692,-0.05081000754676468
8087988,2023-03-30,29.0,0.7,0.22370573721355402,0.29538754519136734,-0.07168180797781332
8087988,2023-03-30,30.0,0.761,0.18053778616011615,0.2928459608161669,-0.11230817465605072
8087988,2023-03-30,31.0,0.145,0.263971399517295,0.3175351283568134,-0.05356372883951843
8087988,2023-03-30,32.0,0.178,0.21267025373259596,0.27396605254775247,-0.06129579881515651
8087988,2023-03-30,33.0,0.372,0.23039768613931877,0.2985603628084444,-0.06816267666912562
8087988,2023-03-30,34.0,0.373,0.18874039245765484,0.23161202369175718,-0.04287163123410234
8087988,2023-03-30,35.0,0.126,0.14250839732159798,0.2736518005146388,-0.1311434031930408
8087988,2023-03-30,36.0,0.103,0.13505935919704862,0.16522680946625812,-0.0301674502692095
8087988,2023-03-30,37.0,0.08,0.15690767523495255,0.17909351675038482,-0.022185841515432264
8087988,2023-03-30,38.0,0.065,0.17085686429674518,0.20514313881735063,-0.03428627452060545
8087988,2023-03-30,39.0,0.082,0.15687416015624833,0.20342459544732033,-0.046550435291072
8087988,2023-03-30,40.0,1.705,0.1448492382474282,0.27424590801050175,-0.12939666976307354
8087988,2023-03-30,41.0,0.473,0.12984451410636047,0.211817796051731,-0.08197328194537054
8087988,2023-03-30,42.0,0.053,0.16150480909181592,0.20678962213003724,-0.04528481303822132
8087988,2023-03-30,43.0,0.084,0.1397963315773171,0.2125419203006903,-0.0727455887233732
8087988,2023-03-30,44.0,0.349,0.43205859608640196,0.4398381346048741,-0.007779538518472129
8087988,2023-03-30,45.0,0.2,0.28708544961898164,0.37046008408866615,-0.08337463446968452
8087988,2023-03-30,46.0,0.072,0.18796200656338122,0.27034951148819325,-0.08238750492481203
8087988,2023-03-30,47.0,0.067,0.15971334774975862,0.19164920841387978,-0.03193586066412116
8087988,2023-03-30,48.0,0.081,0.15317106360289312,0.19407973170191856,-0.040908668099025436
8087988,2023-03-30,49.0,0.041,0.17501562364741496,0.2536997634856259,-0.07868413983821093
8087988,2023-03-30,50.0,0.668,0.17324312005736003,0.2190871167539952,-0.045843996696635164
8087988,2023-03-30,51.0,0.968,0.24032853643260935,0.28000467473063834,-0.03967613829802899
8087988,2023-03-30,52.0,0.094,0.1485394680198425,0.19655573532109236,-0.04801626730124986
8087988,2023-03-30,53.0,0.047,0.10799618329202124,0.1479117352094653,-0.03991555191744406
8087988,2023-03-30,54.0,0.092,0.11262150636279113,0.1479117352094653,-0.03529022884667417
8087988,2023-03-30,55.0,0.063,0.1250869299650321,0.19279184825474643,-0.06770491828971434
8087988,2023-03-30,56.0,1.038,0.12003188151503977,0.20535743894753633,-0.08532555743249656
8087988,2023-03-30,57.0,1.375,0.17149320169563936,0.24399457946998723,-0.07250137777434787
8087988,2023-03-30,58.0,1.692,0.624352231424329,0.5746348452699592,0.049717386154369825
8087988,2023-03-30,59.0,2.201,0.15880568737661407,0.24078172173154933,-0.08197603435493525
8087988,2023-03-30,60.0,0.848,0.17510990230533974,0.1986970855802322,-0.023587183274892454
8087988,2023-03-30,61.0,0.073,0.17007006928314128,0.22821647046747412,-0.05814640118433284
8087988,2023-03-30,62.0,0.044,0.21314784398110895,0.3214455490338119,-0.10829770505270295
8087988,2023-03-30,63.0,0.598,0.17814352369167816,0.23020315149004178,-0.05205962779836362
8087988,2023-03-30,64.0,0.054,0.2923276624218142,0.34215973728752197,-0.04983207486570779
8087988,2023-03-30,65.0,0.061,0.21450658931596267,0.3013885841778097,-0.08688199486184706
8087988,2023-03-30,66.0,0.104,0.31333721549825955,0.4084671999895096,-0.09512998449125004
8087988,2023-03-30,67.0,0.617,0.26537014957517874,0.3289044787171563,-0.06353432914197754
8087988,2023-03-30,68.0,0.262,0.18750083086547026,0.23814008954870466,-0.050639258683234406
8087988,2023-03-30,69.0,1.067,0.34047435528973485,0.42046445379616226,-0.07999009850642741
8087988,2023-03-30,70.0,0.33,0.4375563439088197,0.41728087767762984,0.020275466231189865
8087988,2023-03-30,71.0,0.143,0.2745495178890948,0.3558275654912167,-0.08127804760212187
8087988,2023-03-30,72.0,0.619,0.3232764460165155,0.39305760012355484,-0.06978115410703933
8087988,2023-03-30,73.0,0.733,0.8487551019666699,0.6533694049976725,0.19538569696899744
8087988,2023-03-30,74.0,0.732,0.523793788407108,0.5006097970443871,0.023183991362720868
8087988,2023-03-30,75.0,0.163,0.35114711094714507,0.3994242184481226,-0.04827710750097752
8087988,2023-03-30,76.0,0.147,0.20967308586130526,0.2863700731301105,-0.07669698726880522
8087988,2023-03-30,77.0,0.59,0.2873436868283781,0.398364337027269,-0.1110206501988909
8087988,2023-03-30,78.0,0.086,0.5160903275166473,0.5484113706211307,-0.03232104310448336
8087988,2023-03-30,79.0,0.68,0.4032592802219551,0.449388676883438,-0.04612939666148286
8087988,2023-03-30,80.0,0.047,0.3302931108819026,0.4260897619636216,-0.09579665108171898
8087988,2023-03-30,81.0,0.045,0.3577604817728724,0.3680395269015107,-0.010279045128638309
8087988,2023-03-30,82.0,0.068,0.2084770199743299,0.2895824851357879,-0.08110546516145797
8087988,2023-03-30,83.0,0.495,0.22318475784459885,0.29573050705501364,-0.07254574921041479
8087988,2023-03-30,84.0,0.054,0.19579042762112364,0.2610552546167051,-0.06526482699558145
8087988,2023-03-30,85.0,0.077,0.2515164120404565,0.3449271030691438,-0.09341069102868732
8087988,2023-03-30,86.0,0.985,0.2664903273869085,0.3242933849225151,-0.057803057535606606
8087988,2023-03-30,87.0,0.178,0.1729159782546681,0.26586621680525063,-0.09295023855058254
8087988,2023-03-30,88.0,0.188,0.2124378874592047,0.2744206541957627,-0.06198276673655803
8087988,2023-03-30,89.0,0.392,0.21556286651938233,0.2710473496263518,-0.05548448310696946
8087988,2023-03-30,90.0,0.033,0.249273457969562,0.3323336438100855,-0.08306018584052352
8087988,2023-03-30,91.0,0.065,0.25931737268173327,0.32953767545245627,-0.070220302770723
8087988,2023-03-30,92.0,0.069,0.18336924829356258,0.2572313200674153,-0.0738620717738527
8087988,2023-03-30,93.0,0.288,0.2057949126666176,0.25990642854801693,-0.05411151588139934
8087988,2023-03-30,94.0,0.873,0.1703245273511721,0.24144732723616763,-0.07112279988499554
8087988,2023-03-30,95.0,0.512,0.20523236275857282,0.24827182053865562,-0.04303945778008281
8190108,2023-12-21,0.0,1.704,0.5617733208328621,0.7487466658865839,-0.18697334505372176
8190108,2023-12-21,1.0,0.603,0.3808659628520244,0.4588261532768501,-0.07796019042482571
8190108,2023-12-21,2.0,0.169,0.34267174329610867,0.49849253887209044,-0.15582079557598177
8190108,2023-12-21,3.0,0.096,0.30940417382104146,0.4150942780294015,-0.10569010420836006
8190108,2023-12-21,4.0,0.602,0.20190607604940658,0.31327294356929347,-0.11136686751988689
8190108,2023-12-21,5.0,0.084,0.27056342365099567,0.38483113274086994,-0.11426770908987427
8190108,2023-12-21,6.0,0.769,0.3763408585270525,0.4493530119024736,-0.07301215337542111
8190108,2023-12-21,7.0,1.006,0.6926946305549088,0.81552088576849,-0.12282625521358126
8190108,2023-12-21,8.0,0.086,0.25196998611625115,0.38072588506085964,-0.12875589894460848
8190108,2023-12-21,9.0,0.126,0.41670535038147266,0.4660756340828592,-0.04937028370138652
8190108,2023-12-21,10.0,0.596,0.2679519458456174,0.37684803770802466,-0.10889609186240728
8190108,2023-12-21,11.0,0.199,0.21411416016817741,0.31545805736827565,-0.10134389720009823
8190108,2023-12-21,12.0,0.066,0.2267584884475877,0.34265942956434414,-0.11590094111675645
8190108,2023-12-21,13.0,1.602,0.35724120151537736,0.44199158390628174,-0.08475038239090438
8190108,2023-12-21,14.0,0.262,0.804959186892779,0.7413827849079904,0.06357640198478864
8190108,2023-12-21,15.0,0.096,0.3628360777304497,0.4842495815806623,-0.1214135038502126
8190108,2023-12-21,16.0,0.597,0.4373605375056348,0.45047658652227235,-0.013116049016637543
8190108,2023-12-21,17.0,0.183,0.38834806972049013,0.4415243466443389,-0.0531762769238488
8190108,2023-12-21,18.0,0.072,0.27829781850580093,0.3454262404082313,-0.06712842190243035
8190108,2023-12-21,19.0,0.593,0.33192023492734285,0.43034346863406553,-0.09842323370672268
8190108,2023-12-21,20.0,0.441,0.2851644037329702,0.3737344413461948,-0.08857003761322463
8190108,2023-12-21,21.0,0.062,0.2525560893487886,0.33246489808071755,-0.07990880873192896
8190108,2023-12-21,22.0,0.159,0.24755390142943737,0.3438915306763646,-0.09633762924692721
8190108,2023-12-21,23.0,0.605,0.3028037088937017,0.3780477398384674,-0.07524403094476573
8190108,2023-12-21,24.0,0.076,0.30244554291023934,0.35257184942246805,-0.05012630651222871
8190108,2023-12-21,25.0,0.119,0.41317810870127003,0.4309875662549168,-0.017809457553646768
8190108,2023-12-21,26.0,0.59,0.2810050006134812,0.3454633370147627,-0.06445833640128146
8190108,2023-12-21,27.0,0.149,0.3554541863186861,0.3908562771679403,-0.03540209084925422
8190108,2023-12-21,28.0,0.131,0.23966974891710632,0.330817881500203,-0.0911481325830967
8190108,2023-12-21,29.0,0.616,0.23904859662170527,0.33006855368554366,-0.09101995706383839
8190108,2023-12-21,30.0,0.43,0.3813425155494452,0.3943043335627267,-0.0129618180132815
8190108,2023-12-21,31.0,0.089,0.3304718013717676,0.37150052929565036,-0.041028727923882735
8190108,2023-12-21,32.0,0.269,0.16644509044018774,0.2471675072173304,-0.08072241677714267
8190108,2023-12-21,33.0,0.605,0.2359910131455405,0.3082955965010382,-0.07230458335549772
8190108,2023-12-21,34.0,0.298,0.3860184413822282,0.39075910541025366,-0.004740664028025476
8190108,2023-12-21,35.0,0.505,0.17643566043982736,0.25084913808084663,-0.07441347764101927
8190108,2023-12-21,36.0,0.534,0.18203953962335107,0.21721789565021274,-0.035178356026861674
8190108,2023-12-21,37.0,0.286,0.30895481757448434,0.36934876684449053,-0.060393949270006186
8190108,2023-12-21,38.0,0.646,0.23802327632448564,0.31493491697836473,-0.0769116406538791
8190108,2023-12-21,39.0,0.112,0.22014247296054318,0.27576367236031474,-0.05562119939977156
8190108,2023-12-21,40.0,0.111,0.15057133016554586,0.18779094301811217,-0.03721961285256631
8190108,2023-12-21,41.0,0.11,0.13459916573203742,0.1772618886403142,-0.04266272290827677
8190108,2023-12-21,42.0,0.104,0.126192336108567,0.1701391766606178,-0.04394684055205081
8190108,2023-12-21,43.0,0.101,0.12129795767334978,0.16941503867318566,-0.04811708099983589
8190108,2023-12-21,44.0,0.351,0.185733892993367,0.21907038749277022,-0.03333649449940321
8190108,2023-12-21,45.0,0.36,0.21012781004610703,0.22076688821241308,-0.010639078166306049
8190108,2023-12-21,46.0,0.106,0.17770341265908063,0.19453881694061345,-0.016835404281532823
8190108,2023-12-21,47.0,0.103,0.1508387554748484,0.18573506701357798,-0.034896311538729574
8190108,2023-12-21,48.0,0.515,0.42129982171670777,0.3972348997361965,0.024064921980511245
8190108,2023-12-21,49.0,0.591,0.39318076476785946,0.37720204748227865,0.015978717285580812
8190108,2023-12-21,50.0,0.473,0.24432403755040677,0.30530079712721525,-0.06097675957680848
8190108,2023-12-21,51.0,0.059,0.23483631634782048,0.2873306064830366,-0.052494290135216115
8190108,2023-12-21,52.0,0.514,0.21128452526961297,0.27298388609785346,-0.061699360828240485
8190108,2023-12-21,53.0,0.278,0.15562952454530926,0.2301410504025243,-0.07451152585721504
8190108,2023-12-21,54.0,0.147,0.2835573581734189,0.29828136406680433,-0.014724005893385406
8190108,2023-12-21,55.0,0.609,0.21533061070626378,0.29973138433173685,-0.08440077362547307
8190108,2023-12-21,56.0,0.625,0.20561256879884057,0.2731414378846557,-0.06752886908581515
8190108,2023-12-21,57.0,0.246,0.23519456221108415,0.3289652930658116,-0.09377073085472748
8190108,2023-12-21,58.0,0.101,0.30767537443535387,0.3203721061675538,-0.012696731732199928
8190108,2023-12-21,59.0,0.524,0.23809060536693305,0.2768100063937796,-0.03871940102684657
8190108,2023-12-21,60.0,0.236,0.27288193622206436,0.3041880890712021,-0.031306152849137736
8190108,2023-12-21,61.0,0.102,0.22240735076455118,0.28827120760753927,-0.0658638568429881
8190108,2023-12-21,62.0,0.599,0.310803607332506,0.32477436707750174,-0.013970759744995731
8190108,2023-12-21,63.0,0.5,0.26470414906140793,0.34736328194415983,-0.0826591328827519
8190108,2023-12-21,64.0,0.203,0.27255196359784695,0.33439085028170396,-0.06183888668385701
8190108,2023-12-21,65.0,0.68,0.2509994520311841,0.3208349234565216,-0.06983547142533747
8190108,2023-12-21,66.0,0.544,0.284652498367131,0.3910992579058781,-0.10644675953874705
8190108,2023-12-21,67.0,0.602,0.42866194483790865,0.4378126155221806,-0.009150670684271944
8190108,2023-12-21,68.0,1.079,0.3182416122818836,0.38030549752636805,-0.062063885244484474
8190108,2023-12-21,69.0,0.434,0.25152275162426474,0.3445654934473094,-0.09304274182304467
8190108,2023-12-21,70.0,0.317,0.32537987548652963,0.43114400735659675,-0.10576413187006711
8190108,2023-12-21,71.0,0.782,0.3041716755268852,0.40383016191210197,-0.0996584863852168
8190108,2023-12-21,72.0,0.312,0.28326030897864624,0.36351913329244007,-0.08025882431379383
8190108,2023-12-21,73.0,0.282,0.3595817011685098,0.43086751812853746,-0.07128581696002767
8190108,2023-12-21,74.0,0.609,0.34659703976335426,0.4535145199370214,-0.10691748017366715
8190108,2023-12-21,75.0,0.464,0.31642906105920254,0.38425437994053724,-0.0678253188813347
8190108,2023-12-21,76.0,0.227,0.332229922303533,0.42679793307761876,-0.09456801077408578
8190108,2023-12-21,77.0,0.297,0.3328739538086925,0.40968887948489163,-0.07681492567619913
8190108,2023-12-21,78.0,0.992,0.2756741609182945,0.401613831569706,-0.12593967065141148
8190108,2023-12-21,79.0,0.555,0.46407106644677404,0.4822046016587995,-0.018133535212025487
8190108,2023-12-21,80.0,0.834,0.2837729874424965,0.42303141090213603,-0.1392584234596395
8190108,2023-12-21,81.0,0.895,0.30961163756966603,0.4110841944463959,-0.10147255687672985
8190108,2023-12-21,82.0,0.457,0.3045520808834636,0.4427317807521278,-0.13817969986866424
8190108,2023-12-21,83.0,0.258,0.24449587792761882,0.38002227236095054,-0.13552639443333173
8190108,2023-12-21,84.0,0.247,0.23684041910558382,0.36982288714857864,-0.13298246804299482
8190108,2023-12-21,85.0,0.24,0.18638965299947216,0.3230525455371543,-0.13666289253768213
8190108,2023-12-21,86.0,2.128,2.125704102830387,2.1204520362554202,0.005252066574966907
8190108,2023-12-21,87.0,2.113,2.1413428696056283,2.1417666136851707,-0.0004237440795424874
8190108,2023-12-21,88.0,2.309,2.099826315688928,2.1042448939438976,-0.004418578254969496
8190108,2023-12-21,89.0,2.265,2.0981138195399796,2.1025786848439005,-0.004464865303920984
8190108,2023-12-21,90.0,2.041,1.7252444446869668,1.568514898495582,0.1567295461913849
8190108,2023-12-21,91.0,2.039,0.5790369738776595,0.6096098403297908,-0.03057286645213131
8190108,2023-12-21,92.0,2.214,0.2777940557388951,0.44780033061221997,-0.17000627487332487
8190108,2023-12-21,93.0,1.387,0.18756359075717982,0.31311813440790737,-0.12555454365072755
8190108,2023-12-21,94.0,0.149,0.22048978922384782,0.36321125059451403,-0.1427214613706662
8190108,2023-12-21,95.0,0.147,0.25072937957409563,0.3879774699800644,-0.13724809040596875
876790,2023-07-19,0.0,0.134,0.12728388126815918,0.14682559320763183,-0.019541711939472656
876790,2023-07-19,1.0,0.141,0.12735192991168956,0.13955129673632088,-0.012199366824631325
876790,2023-07-19,2.0,0.122,0.12527386845452593,0.14343087483237643,-0.018157006377850504
876790,2023-07-19,3.0,0.119,0.11734431847159427,0.14081955490183007,-0.023475236430235802
876790,2023-07-19,4.0,0.14,0.11708924737991788,0.1378584194644012,-0.02076917208448331
876790,2023-07-19,5.0,0.119,0.1246220217058725,0.14441366269166223,-0.019791640985789727
876790,2023-07-19,6.0,0.084,0.12139221848861287,0.1380576900324551,-0.016665471543842236
876790,2023-07-19,7.0,0.078,0.1104915031182115,0.2052844826897741,-0.09479297957156259
876790,2023-07-19,8.0,0.093,0.11565560257037745,0.19598984565150288,-0.08033424308112543
876790,2023-07-19,9.0,0.087,0.12490073715248036,0.1360618676660436,-0.011161130513563253
876790,2023-07-19,10.0,0.096,0.12678825738639493,0.13456969959422022,-0.007781442207825284
876790,2023-07-19,11.0,0.117,0.13870889073585216,0.16346267995773728,-0.02475378922188512
876790,2023-07-19,12.0,0.107,0.12946409349585397,0.14706977393730014,-0.01760568044144617
876790,2023-07-19,13.0,0.099,0.12760454261291757,0.15010478772726962,-0.022500245114352058
876790,2023-07-19,14.0,0.149,0.12660067474452935,0.14882261529349047,-0.022221940548961122
876790,2023-07-19,15.0,0.241,0.12889622590389865,0.150237116162842,-0.02134089025894334
876790,2023-07-19,16.0,0.197,0.1274789322179219,0.1504547187182733,-0.022975786500351397
876790,2023-07-19,17.0,0.337,0.1302980916012429,0.14559555218824727,-0.015297460587004374
876790,2023-07-19,18.0,0.13,0.13811703993310928,0.1541346532044685,-0.016017613271359227
876790,2023-07-19,19.0,0.098,0.14782006397421393,0.19603681863120598,-0.048216754656992045
876790,2023-07-19,20.0,0.075,0.13856290222930132,0.1645505548098138,-0.02598765258051247
876790,2023-07-19,21.0,0.289,0.1393828865442513,0.15997362784462527,-0.02059074130037397
876790,2023-07-19,22.0,0.322,0.15154245556860999,0.17291427384454178,-0.021371818275931792
876790,2023-07-19,23.0,0.331,0.1433250748355711,0.18334454184074725,-0.04001946700517614
876790,2023-07-19,24.0,0.326,0.1234692607259649,0.15031907505161493,-0.026849814325650034
876790,2023-07-19,25.0,0.168,0.11579874764688397,0.14199362706063723,-0.026194879413753258
876790,2023-07-19,26.0,0.167,0.11562429940837278,0.13817695642266675,-0.022552657014293973
876790,2023-07-19,27.0,0.116,0.11370334378864164,0.14352106316594543,-0.029817719377303792
876790,2023-07-19,28.0,0.111,0.11958680172804206,0.13932433652230253,-0.019737534794260464
876790,2023-07-19,29.0,0.114,0.11230123695028374,0.13725343465177303,-0.024952197701489293
876790,2023-07-19,30.0,0.093,0.12094397772892657,0.13744978966260818,-0.016505811933681613
876790,2023-07-19,31.0,0.09,0.11264708297931952,0.1396698893248789,-0.02702280634555937
876790,2023-07-19,32.0,0.076,0.12025924563243479,0.14393459828160937,-0.023675352649174586
876790,2023-07-19,33.0,0.101,0.12271023674068263,0.1377463729800821,-0.015036136239399478
876790,2023-07-19,34.0,0.092,0.11980127378614877,0.1413466378768284,-0.021545364090679642
876790,2023-07-19,35.0,0.104,0.120768276761727,0.1330169460138221,-0.012248669252095112
876790,2023-07-19,36.0,0.132,0.11415899491928208,0.12902507678556818,-0.014866081866286102
876790,2023-07-19,37.0,0.131,0.12501896303263593,0.129840513391485,-0.004821550358849069
876790,2023-07-19,38.0,0.127,0.1125399626898358,0.12164379566954536,-0.009103832979709556
876790,2023-07-19,39.0,0.121,0.11810408698581296,0.13689307388682442,-0.018788986901011467
876790,2023-07-19,40.0,0.115,0.11438573437047714,0.13100234494515622,-0.016616610574679086
876790,2023-07-19,41.0,0.119,0.11889835733391094,0.13506599179585144,-0.0161676344619405
876790,2023-07-19,42.0,0.113,0.1109982606676351,0.14337221639233919,-0.032373955724704084
876790,2023-07-19,43.0,0.102,0.12287464319457833,0.16635489038088871,-0.04348024718631038
876790,2023-07-19,44.0,0.114,0.12783322390322344,0.1504480727282313,-0.02261484882500786
876790,2023-07-19,45.0,0.112,0.1186872387631975,0.13973800865092784,-0.02105076988773033
876790,2023-07-19,46.0,0.11,0.12242407076188568,0.13622093577292116,-0.013796865011035483
876790,2023-07-19,47.0,0.242,0.11745529113479325,0.13829692136788457,-0.020841630233091324
876790,2023-07-19,48.0,0.249,0.12493127332108067,0.136939842195677,-0.012008568874596337
876790,2023-07-19,49.0,0.15,0.1266477933093204,0.13345964877512934,-0.006811855465808925
876790,2023-07-19,50.0,0.15,0.12560018602719825,0.12905813221172374,-0.0034579461845254955
876790,2023-07-19,51.0,0.188,0.12635189083070883,0.1393573764040097,-0.013005485573300862
876790,2023-07-19,52.0,0.193,0.128795033566025,0.143391672719565,-0.014596639153539981
876790,2023-07-19,53.0,0.132,0.13973770104654964,0.15804878765921335,-0.018311086612663702
876790,2023-07-19,54.0,0.125,0.13296839202248456,0.16048130459751825,-0.027512912575033688
876790,2023-07-19,55.0,0.082,0.1264381901291756,0.14017456737810546,-0.01373637724892987
876790,2023-07-19,56.0,0.096,0.12612266162037702,0.14588721733281482,-0.019764555712437792
876790,2023-07-19,57.0,0.082,0.1295896490270157,0.14567972276789354,-0.01609007374087784
876790,2023-07-19,58.0,0.096,0.12849011754282053,0.14465250764857313,-0.0161623901057526
876790,2023-07-19,59.0,0.079,0.12563447833823005,0.14678705482664728,-0.02115257648841723
876790,2023-07-19,60.0,0.098,0.13092073899181592,0.14660143351425975,-0.015680694522443833
876790,2023-07-19,61.0,0.1,0.13263028569956795,0.15773242853308828,-0.02510214283352033
876790,2023-07-19,62.0,0.118,0.1313155348950355,0.14701835017280554,-0.015702815277770038
876790,2023-07-19,63.0,0.106,0.133894008346545,0.1447383733269582,-0.01084436498041319
876790,2023-07-19,64.0,0.133,0.13884541529665226,0.15716317875589822,-0.01831776345924596
876790,2023-07-19,65.0,0.096,0.1371114971944538,0.15730971468639987,-0.020198217491946058
876790,2023-07-19,66.0,0.116,0.14599321404985252,0.18921671113029614,-0.043223497080443624
876790,2023-07-19,67.0,0.093,0.13348760886647146,0.17055316462983172,-0.037065555763360264
876790,2023-07-19,68.0,0.089,0.1416553379248468,0.17546527368266035,-0.03380993575781355
876790,2023-07-19,69.0,0.07,0.1542735974432196,0.21506000568142358,-0.06078640823820397
876790,2023-07-19,70.0,0.097,0.16606228589530558,0.21802440567850628,-0.0519621197832007
876790,2023-07-19,71.0,0.106,0.15706748325314127,0.1940348339544076,-0.03696735070126633
876790,2023-07-19,72.0,0.167,0.15510410906454944,0.1886581199055229,-0.03355401084097345
876790,2023-07-19,73.0,0.091,0.17099278558390735,0.2629290645829187,-0.09193627899901136
876790,2023-07-19,74.0,0.205,0.247517418448854,0.31231434180804546,-0.06479692335919146
876790,2023-07-19,75.0,0.147,0.16222568322073075,0.2531154225343998,-0.09088973931366903
876790,2023-07-19,76.0,0.12,0.2821237759709369,0.31912779023538335,-0.03700401426444644
876790,2023-07-19,77.0,0.105,0.20948299874404008,0.3161688387737334,-0.10668584002969334
876790,2023-07-19,78.0,0.125,0.1532760354459667,0.24471616951530906,-0.09144013406934234
876790,2023-07-19,79.0,0.107,0.14918693490958684,0.19817361646655346,-0.048986681556966616
876790,2023-07-19,80.0,1.698,1.786682475933223,1.7273437783037573,0.05933869762946564
876790,2023-07-19,81.0,1.687,1.7858278537764234,1.7357575730781658,0.050070280698257585
876790,2023-07-19,82.0,1.709,1.5955644372711262,1.624702862656244,-0.029138425385117905
876790,2023-07-19,83.0,1.701,0.8045166982229071,0.9515766242848835,-0.1470599260619765
876790,2023-07-19,84.0,1.72,0.25520310459505785,0.5508224278053087,-0.2956193232102508
876790,2023-07-19,85.0,0.134,0.144184918053975,0.20391345985688336,-0.059728541802908375
876790,2023-07-19,86.0,0.11,0.1303509601883934,0.15593758784910305,-0.025586627660709654
876790,2023-07-19,87.0,0.128,0.12538818909078442,0.14962074011790977,-0.02423255102712535
876790,2023-07-19,88.0,0.113,0.12556198992431578,0.15210396922926842,-0.02654197930495264
876790,2023-07-19,89.0,0.121,0.12098135312334146,0.1464858082111262,-0.025504455087784733
876790,2023-07-19,90.0,0.099,0.12110133193320502,0.14590908986062942,-0.0248077579274244
876790,2023-07-19,91.0,0.106,0.12391605911626763,0.15560265857719688,-0.03168659946092925
876790,2023-07-19,92.0,0.098,0.11688111588540426,0.15019046285083062,-0.03330934696542637
876790,2023-07-19,93.0,0.094,0.12252752248630933,0.15106033219100565,-0.02853280970469632
876790,2023-07-19,94.0,0.204,0.1307695104085218,0.17731684187648183,-0.04654733146796003
876790,2023-07-19,95.0,0.255,0.1306514797708686,0.1497524077927768,-0.019100928021908187
878751,2024-01-20,0.0,0.227,0.4255232411085899,0.5297856696782034,-0.10426242856961349
878751,2024-01-20,1.0,0.244,0.4183485553240818,0.548224277130228,-0.12987572180614626
878751,2024-01-20,2.0,0.154,0.5243230292010962,0.6462792940728722,-0.12195626487177602
878751,2024-01-20,3.0,0.14,0.6202116814937357,0.6406225112705342,-0.020410829776798423
878751,2024-01-20,4.0,1.164,0.4343292325488545,0.6336756769817378,-0.19934644443288324
878751,2024-01-20,5.0,1.171,0.48786446911722464,0.5871656206278473,-0.09930115151062263
878751,2024-01-20,6.0,1.175,0.40410595920325165,0.44944916944255636,-0.04534321023930471
878751,2024-01-20,7.0,1.248,0.3788593558198749,0.4730774098571178,-0.09421805403724293
878751,2024-01-20,8.0,0.748,0.40969877909256813,0.5042219328189311,-0.094523153726363
878751,2024-01-20,9.0,0.147,0.4183485553240818,0.5312427456842476,-0.11289419036016579
878751,2024-01-20,10.0,0.165,0.49848865538268766,0.583770195736406,-0.08528154035371832
878751,2024-01-20,11.0,0.425,0.6581564576200837,0.630113778499611,0.028042679120472647
878751,2024-01-20,12.0,1.15,0.4308140764183687,0.5826383670111331,-0.15182429059276442
878751,2024-01-20,13.0,1.174,0.6154415830983049,0.5979163884002622,0.0175251946980427
878751,2024-01-20,14.0,1.256,0.35240368692230584,0.4304007186613371,-0.07799703173903128
878751,2024-01-20,15.0,1.098,0.39878006176982483,0.45594640744961135,-0.05716634567978651
878751,2024-01-20,16.0,0.155,0.4242836340886964,0.5480906717425273,-0.12380703765383094
878751,2024-01-20,17.0,0.178,0.44997464112064806,0.5785777192656733,-0.1286030781450252
878751,2024-01-20,18.0,0.308,0.6320007378028346,0.583757552664882,0.04824318513795256
878751,2024-01-20,19.0,0.293,0.8838264653155402,0.7885539326944646,0.0952725326210756
878751,2024-01-20,20.0,1.173,0.5305618450005607,0.611793532033257,-0.08123168703269634
878751,2024-01-20,21.0,1.324,0.7136008169086211,0.7010254384855734,0.012575378423047678
878751,2024-01-20,22.0,1.268,0.5679630964133702,0.6143877612276822,-0.04642466481431207
878751,2024-01-20,23.0,1.76,0.5182189940386008,0.5088972994290188,0.009321694609581987
878751,2024-01-20,24.0,0.699,0.48340306706595104,0.5067982956354726,-0.023395228569521587
878751,2024-01-20,25.0,0.246,0.45216834975780174,0.5246144558658494,-0.07244610610804769
878751,2024-01-20,26.0,0.216,0.5367232742239554,0.5359985127790414,0.0007247614449139572
878751,2024-01-20,27.0,0.304,0.6114816704246039,0.5641224061973802,0.047359264227223696
878751,2024-01-20,28.0,0.948,0.7243161026579283,0.6301222244870983,0.09419387817083003
878751,2024-01-20,29.0,1.202,0.6846418582441458,0.6636398060671735,0.021002052176972263
878751,2024-01-20,30.0,1.316,0.5716125217758165,0.5844217244538346,-0.012809202678018106
878751,2024-01-20,31.0,1.314,0.5867807830814598,0.6086907279974079,-0.02190994491594811
878751,2024-01-20,32.0,0.93,0.563110756403779,0.5691233730335449,-0.006012616629765932
878751,2024-01-20,33.0,0.263,0.5123034693031522,0.518819147296334,-0.006515677993181868
878751,2024-01-20,34.0,0.209,0.36377876975408346,0.46767683379006664,-0.10389806403598317
878751,2024-01-20,35.0,0.145,0.4387149520900856,0.5241088098270167,-0.08539385773693109
878751,2024-01-20,36.0,0.418,0.5979335650614472,0.5596233208740393,0.038310244187407916
878751,2024-01-20,37.0,1.163,0.5840334007702351,0.5423045702340457,0.041728830536189476
878751,2024-01-20,38.0,1.172,0.40096761685035043,0.4875663950339844,-0.08659877818363398
878751,2024-01-20,39.0,1.126,0.3732835688575303,0.4601581108499076,-0.08687454199237732
878751,2024-01-20,40.0,1.185,0.4486121782464943,0.5150088670464126,-0.06639668879991828
878751,2024-01-20,41.0,0.166,0.3309130285418156,0.44703029948203254,-0.11611727094021695
878751,2024-01-20,42.0,0.087,0.27855017362627144,0.4657321609966637,-0.18718198737039227
878751,2024-01-20,43.0,0.14,0.4212799853600268,0.5143274057329777,-0.09304742037295094
878751,2024-01-20,44.0,0.161,0.4823188679353777,0.5634692023318498,-0.08115033439647212
878751,2024-01-20,45.0,0.079,0.4362340918353832,0.5376244688040722,-0.10139037696868902
878751,2024-01-20,46.0,0.992,0.33461873809274745,0.4309282435252909,-0.09630950543254346
878751,2024-01-20,47.0,1.136,0.3274016850549176,0.4517196723435278,-0.12431798728861015
878751,2024-01-20,48.0,1.704,0.3368225677479711,0.5421903393766372,-0.2053677716286661
878751,2024-01-20,49.0,1.848,0.3783681090439957,0.5501169061281306,-0.17174879708413487
878751,2024-01-20,50.0,0.593,0.4240511276232046,0.5577133483139798,-0.13366222069077516
878751,2024-01-20,51.0,0.061,0.5993558762055837,0.5795610138297744,0.019794862375809297
878751,2024-01-20,52.0,0.12,0.9225948012386593,0.7557762885655663,0.166818512673093
878751,2024-01-20,53.0,0.182,0.7880546136849529,0.6447821100040282,0.1432725036809247
878751,2024-01-20,54.0,0.053,0.40498153727528247,0.5487069379875776,-0.14372540071229517
878751,2024-01-20,55.0,0.795,0.3518132809446378,0.5199373956379787,-0.16812411469334088
878751,2024-01-20,56.0,1.081,0.39746882961368074,0.47052548990890103,-0.07305666029522029
878751,2024-01-20,57.0,1.025,0.3801156916814153,0.4766564646686325,-0.0965407729872172
878751,2024-01-20,58.0,1.114,0.28939336143951705,0.4303086539346444,-0.14091529249512735
878751,2024-01-20,59.0,0.131,0.5812398776023674,0.561653402123982,0.019586475478385434
878751,2024-01-20,60.0,0.159,0.9764297445069972,0.814105374944037,0.16232436956296015
878751,2024-01-20,61.0,0.172,0.7773016827385135,0.649719387419681,0.12758229531883247
878751,2024-01-20,62.0,0.086,0.46944885554571325,0.5479144282769797,-0.07846557273126642
878751,2024-01-20,63.0,0.144,0.43840585744539845,0.4740969178213471,-0.03569106037594866
878751,2024-01-20,64.0,0.787,0.39863744144341323,0.46854005835588375,-0.06990261691247052
878751,2024-01-20,65.0,1.075,0.35698021441293537,0.496909294311508,-0.13992907989857262
878751,2024-01-20,66.0,1.079,0.4284364209370641,0.5302818443316895,-0.10184542339462538
878751,2024-01-20,67.0,1.18,0.5871501697799822,0.5799382466810716,0.007211923098910611
878751,2024-01-20,68.0,1.062,0.773987759193393,0.6798196234213828,0.09416813577201022
878751,2024-01-20,69.0,0.132,0.5090893665850194,0.6070576818099674,-0.09796831522494809
878751,2024-01-20,70.0,0.132,0.5829352502039442,0.5787165198166387,0.004218730387305469
878751,2024-01-20,71.0,0.233,0.4479431941331141,0.5375038112757533,-0.08956061714263919
878751,2024-01-20,72.0,0.168,0.30306802830980367,0.40997153704686384,-0.10690350873706017
878751,2024-01-20,73.0,0.539,0.5262844971371339,0.5583789374384894,-0.032094440301355553
878751,2024-01-20,74.0,1.126,0.591348276863552,0.6096814933041964,-0.01833321644064445
878751,2024-01-20,75.0,1.196,0.6042552263049245,0.6212439903638373,-0.01698876405891281
878751,2024-01-20,76.0,1.141,0.6251153106894766,0.6084878294866847,0.016627481202791894
878751,2024-01-20,77.0,1.183,0.5993281814869219,0.6236061367824224,-0.024277955295500475
878751,2024-01-20,78.0,0.626,0.5213459192070421,0.5720308019169852,-0.05068488270994309
878751,2024-01-20,79.0,0.164,0.4494189508265046,0.5689133286025628,-0.1194943777760582
878751,2024-01-20,80.0,0.15,0.8760189042756455,0.7479208086620376,0.12809809561360797
878751,2024-01-20,81.0,0.214,0.8010243249651331,0.7206398781307852,0.08038444683434787
878751,2024-01-20,82.0,0.812,0.981509394838592,0.8916648754869517,0.08984451935164028
878751,2024-01-20,83.0,1.124,0.995582162203229,0.8940772028241397,0.10150495937908932
878751,2024-01-20,84.0,1.179,0.889583671926725,0.856337842988892,0.03324582893783301
878751,2024-01-20,85.0,1.275,0.7365813752861624,0.6724493707526387,0.06413200453352375
878751,2024-01-20,86.0,1.037,0.5920279826893683,0.5812623963645822,0.01076558632478608
878751,2024-01-20,87.0,0.15,0.47308970197992395,0.5697717913411506,-0.09668208936122669
878751,2024-01-20,88.0,0.251,0.5901312044662076,0.5900284410262644,0.0001027634399431987
878751,2024-01-20,89.0,0.159,0.3936102732804295,0.4539013795400707,-0.06029110625964118
878751,2024-01-20,90.0,0.631,0.5743602363685587,0.5898052110640591,-0.015444974695500435
878751,2024-01-20,91.0,1.197,0.7507626643156196,0.6729376726081212,0.07782499170749835
878751,2024-01-20,92.0,1.182,0.6841597765049161,0.6276245222153565,0.05653525428955963
878751,2024-01-20,93.0,1.183,0.5194791919465546,0.5405882458600847,-0.02110905391353013
878751,2024-01-20,94.0,1.202,0.4177802085267542,0.5503097949868836,-0.1325295864601294
878751,2024-01-20,95.0,0.171,0.5361686892761349,0.583242215723278,-0.04707352644714302
9073879,2023-12-20,0.0,1.921,1.2438896598414084,1.2408130369356452,0.003076622905763271
9073879,2023-12-20,1.0,1.93,0.6805620564231957,0.7381775979203458,-0.05761554149715009
9073879,2023-12-20,2.0,1.639,0.7262643798989029,0.7498185512039204,-0.02355417130501747
9073879,2023-12-20,3.0,0.359,0.4485769183717329,0.4107507493785031,0.037826168993229825
9073879,2023-12-20,4.0,0.351,0.2190060269410033,0.3316992968866299,-0.11269326994562662
9073879,2023-12-20,5.0,0.351,0.2958830391077678,0.3312783362875241,-0.03539529717975631
9073879,2023-12-20,6.0,0.332,0.24691892986627512,0.37550877841076336,-0.12858984854448824
9073879,2023-12-20,7.0,0.021,0.31413108784585436,0.34594233468172025,-0.03181124683586589
9073879,2023-12-20,8.0,0.022,0.3086038511967673,0.4062471396844827,-0.09764328848771542
9073879,2023-12-20,9.0,0.463,0.36747120310894255,0.3838509071876063,-0.016379704078663737
9073879,2023-12-20,10.0,0.488,0.3013864244336575,0.3822034817224279,-0.08081705728877042
9073879,2023-12-20,11.0,0.342,0.4005572999886066,0.4060092490583452,-0.00545194906973856
9073879,2023-12-20,12.0,0.345,0.2933723512828532,0.3741157755198813,-0.08074342423702807
9073879,2023-12-20,13.0,0.345,0.30341909699083347,0.35676665655131495,-0.05334755956048148
9073879,2023-12-20,14.0,0.347,0.3627438329383428,0.3843809931945357,-0.021637160256192944
9073879,2023-12-20,15.0,0.35,0.3231638337436648,0.37565716760132595,-0.05249333385766114
9073879,2023-12-20,16.0,0.349,0.3809482124937857,0.39780995427676874,-0.016861741782983053
9073879,2023-12-20,17.0,0.348,0.14683729054306993,0.2908466119730003,-0.1440093214299304
9073879,2023-12-20,18.0,0.346,0.3067652284910871,0.3414758617831044,-0.03471063329201729
9073879,2023-12-20,19.0,0.349,0.3948145770636995,0.39916045247895393,-0.004345875415254441
9073879,2023-12-20,20.0,0.347,0.3395264994136614,0.40485831546396656,-0.06533181605030514
9073879,2023-12-20,21.0,0.345,0.4068691852738145,0.41615814857498595,-0.00928896330117146
9073879,2023-12-20,22.0,0.349,0.3239596358463969,0.3917494021502909,-0.067789766303894
9073879,2023-12-20,23.0,0.346,0.32572706575406235,0.3757917113434388,-0.050064645589376455
9073879,2023-12-20,24.0,0.346,0.3563018891356324,0.38705749247736776,-0.030755603341735382
9073879,2023-12-20,25.0,0.192,0.3157151070375254,0.3874590441977709,-0.07174393716024546
9073879,2023-12-20,26.0,0.036,0.35956503430923165,0.3882772614893285,-0.02871222718009686
9073879,2023-12-20,27.0,0.043,0.3290038469874193,0.38986158228408835,-0.06085773529666905
9073879,2023-12-20,28.0,0.455,0.49449684833215707,0.4511517793280151,0.04334506900414198
9073879,2023-12-20,29.0,0.396,0.18087910203138025,0.29326649680144984,-0.11238739477006959
9073879,2023-12-20,30.0,0.527,0.28567731382996403,0.3270434711057764,-0.04136615727581239
9073879,2023-12-20,31.0,0.396,0.40763004887656024,0.39137936471499163,0.016250684161568607
9073879,2023-12-20,32.0,0.36,0.37081548191931546,0.3817527680906527,-0.010937286171337268
9073879,2023-12-20,33.0,0.359,0.26998181913556923,0.37503102997560084,-0.1050492108400316
9073879,2023-12-20,34.0,0.358,0.3808080653854424,0.36268608371668143,0.018121981668760945
9073879,2023-12-20,35.0,0.361,0.2946393220278978,0.33290469094180103,-0.03826536891390325
9073879,2023-12-20,36.0,0.058,0.3133956763539394,0.32443333833339383,-0.011037661979454438
9073879,2023-12-20,37.0,0.04,0.32387692856670686,0.33306466532322576,-0.009187736756518905
9073879,2023-12-20,38.0,0.041,0.26698474201258937,0.3098642014633699,-0.04287945945078053
9073879,2023-12-20,39.0,0.523,0.3728497367191455,0.3473981328859186,0.02545160383322692
9073879,2023-12-20,40.0,0.053,0.055556143102630066,0.1785112033815569,-0.12295506027892683
9073879,2023-12-20,41.0,0.041,0.06583387043555447,0.17529304830003636,-0.1094591778644819
9073879,2023-12-20,42.0,0.04,0.05432841572103989,0.17436955743018442,-0.12004114170914454
9073879,2023-12-20,43.0,0.032,0.058192956922737814,0.17436955743018442,-0.1161766005074466
9073879,2023-12-20,44.0,0.279,0.3793339267328079,0.35236114560846005,0.026972781124347867
9073879,2023-12-20,45.0,0.457,0.5841526985614885,0.5137523863177529,0.07040031224373566
9073879,2023-12-20,46.0,0.479,0.11649476789164312,0.22552340062368503,-0.10902863273204191
9073879,2023-12-20,47.0,0.362,0.17773866988063844,0.2904980764591298,-0.11275940657849134
9073879,2023-12-20,48.0,0.334,0.2153036581753485,0.2609991477048248,-0.0456954895294763
9073879,2023-12-20,49.0,0.34,0.31006462641680776,0.3340546513047393,-0.02399002488793156
9073879,2023-12-20,50.0,0.343,0.33741020415543715,0.31926007306711907,0.01815013108831809
9073879,2023-12-20,51.0,0.246,0.21754848990826367,0.298506625203794,-0.08095813529553034
9073879,2023-12-20,52.0,0.022,0.33954262742727875,0.33057485980384693,0.008967767623431822
9073879,2023-12-20,53.0,0.025,0.26434137221022674,0.2838404855795705,-0.019499113369343735
9073879,2023-12-20,54.0,0.151,0.3075506611393536,0.3094180119311396,-0.0018673507917860155
9073879,2023-12-20,55.0,0.536,0.3015286307324289,0.30122217848825966,0.000306452244169253
9073879,2023-12-20,56.0,0.4,0.26496506442083767,0.30174647495612034,-0.036781410535282666
9073879,2023-12-20,57.0,0.339,0.2717405806681916,0.29836394081793527,-0.026623360149743647
9073879,2023-12-20,58.0,0.344,0.32958258813729163,0.336192367575177,-0.006609779437885377
9073879,2023-12-20,59.0,0.345,0.24195259200069452,0.29820201932460244,-0.05624942732390792
9073879,2023-12-20,60.0,0.345,0.3011042369496212,0.32852541463502793,-0.02742117768540675
9073879,2023-12-20,61.0,0.345,0.39094293957123877,0.3730684743569087,0.01787446521433006
9073879,2023-12-20,62.0,0.353,0.25697120571945065,0.3275700777989514,-0.07059887207950077
9073879,2023-12-20,63.0,0.353,0.2166120951164504,0.3722571521461004,-0.15564505702964998
9073879,2023-12-20,64.0,0.353,0.3601339291482649,0.3873446651380762,-0.027210735989811274
9073879,2023-12-20,65.0,0.349,0.473535068186051,0.43951017015960503,0.03402489802644598
9073879,2023-12-20,66.0,0.372,0.4400793702275761,0.43211670673684954,0.007962663490726551
9073879,2023-12-20,67.0,0.371,0.4571464308011876,0.45217019996979835,0.004976230831389261
9073879,2023-12-20,68.0,0.4,0.4504346070085778,0.4434860572933456,0.006948549715232177
9073879,2023-12-20,69.0,0.395,0.3954020299757056,0.41421220019943544,-0.018810170223729827
9073879,2023-12-20,70.0,0.36,0.33468568290928535,0.41189414046419925,-0.0772084575549139
9073879,2023-12-20,71.0,0.366,0.41389459203037604,0.41908683604826086,-0.005192244017884817
9073879,2023-12-20,72.0,0.37,0.38142268094651205,0.4085061267239337,-0.027083445777421666
9073879,2023-12-20,73.0,0.368,0.38045951099799,0.4059789841484229,-0.025519473150432848
9073879,2023-12-20,74.0,0.364,0.35348948767813854,0.4064166619826246,-0.05292717430448607
9073879,2023-12-20,75.0,0.368,0.5218475527863117,0.5043922490950279,0.017455303691283786
9073879,2023-12-20,76.0,0.37,0.2556787415946583,0.38640807566106,-0.1307293340664017
9073879,2023-12-20,77.0,0.369,0.2577403687426757,0.4181981598760292,-0.1604577911333535
9073879,2023-12-20,78.0,0.366,0.41977430294404317,0.43130263668099267,-0.011528333736949503
9073879,2023-12-20,79.0,0.363,0.36975971392096185,0.40543650730741954,-0.035676793386457684
9073879,2023-12-20,80.0,0.373,0.35127015580874915,0.4240971532743917,-0.07282699746564253
9073879,2023-12-20,81.0,0.417,0.45403764728266366,0.43468085760044445,0.01935678968221921
9073879,2023-12-20,82.0,0.368,0.32591136942165977,0.390197480349224,-0.06428611092756426
9073879,2023-12-20,83.0,0.351,0.3982529636741242,0.4019778486533635,-0.0037248849792392846
9073879,2023-12-20,84.0,0.358,0.4559965538935144,0.4455202173715411,0.010476336521973273
9073879,2023-12-20,85.0,0.366,0.41494116672835285,0.4098570877552575,0.005084078973095374
9073879,2023-12-20,86.0,0.361,0.2709229368382955,0.35238959946447374,-0.08146666262617824
9073879,2023-12-20,87.0,0.358,0.38755626201755256,0.40253186485467557,-0.014975602837123014
9073879,2023-12-20,88.0,0.357,0.19899652675465493,0.32663380867928515,-0.12763728192463022
9073879,2023-12-20,89.0,0.358,0.30956544878319436,0.3349455145404083,-0.02538006575721391
9073879,2023-12-20,90.0,0.349,0.3995419786236093,0.39359350267996535,0.005948475943643949
9073879,2023-12-20,91.0,0.346,0.3597520000757237,0.36986024148297014,-0.010108241407246421
9073879,2023-12-20,92.0,0.347,0.2585920603706779,0.35076395282195655,-0.09217189245127866
9073879,2023-12-20,93.0,0.385,0.40358280671877994,0.3934311827400525,0.010151623978727431
9073879,2023-12-20,94.0,1.458,1.5013817973887083,1.385827116198724,0.11555468118998435
9073879,2023-12-20,95.0,1.574,1.6175427253588741,1.4733382390367347,0.14420448632213945
908510,2024-02-12,0.0,0.738,0.3154497374199678,0.34703860312972434,-0.03158886570975655
908510,2024-02-12,1.0,1.202,0.4776659647817525,0.4652401638000583,0.012425800981694213
908510,2024-02-12,2.0,0.307,0.3035187433674708,0.4497104961135827,-0.1461917527461119
908510,2024-02-12,3.0,0.052,0.21366500617007742,0.3670688104163701,-0.15340380424629266
908510,2024-02-12,4.0,0.624,0.22653877131180916,0.2828278095674277,-0.05628903825561854
908510,2024-02-12,5.0,0.702,0.44143443338374466,0.4642973643340328,-0.02286293095028813
908510,2024-02-12,6.0,0.057,0.5324664633535614,0.4650568415175898,0.0674096218359716
908510,2024-02-12,7.0,0.05,0.23634441200434633,0.3106746665340123,-0.07433025452966599
908510,2024-02-12,8.0,0.074,0.23151203230545409,0.290037656626633,-0.058525624321178915
908510,2024-02-12,9.0,0.811,0.28465081626234706,0.3599691712719818,-0.07531835500963474
908510,2024-02-12,10.0,0.43,0.588516809876607,0.512940294468334,0.07557651540827304
908510,2024-02-12,11.0,0.051,0.38145010903250826,0.4413483103261916,-0.05989820129368334
908510,2024-02-12,12.0,0.051,0.18728505471990267,0.255436752183803,-0.06815169746390035
908510,2024-02-12,13.0,0.566,0.30473963518833375,0.3652332707974916,-0.06049363560915788
908510,2024-02-12,14.0,0.825,0.567686385010764,0.4837076795316539,0.08397870547911007
908510,2024-02-12,15.0,0.196,0.4196687335066414,0.4620960217895027,-0.0424272882828613
908510,2024-02-12,16.0,0.081,0.20075106515585153,0.27131595832005795,-0.07056489316420642
908510,2024-02-12,17.0,0.036,0.290040885229286,0.3937276168872601,-0.1036867316579741
908510,2024-02-12,18.0,0.534,0.37489579624983976,0.4434338420755514,-0.06853804582571166
908510,2024-02-12,19.0,0.823,0.47192515167326426,0.5326835714872019,-0.06075841981393765
908510,2024-02-12,20.0,0.83,0.755749681875074,0.7124619816573905,0.04328770021768347
908510,2024-02-12,21.0,0.889,0.7567567266597423,0.7478654646171332,0.008891262042609038
908510,2024-02-12,22.0,0.86,0.7786035822073293,0.7545319274832905,0.024071654724038827
908510,2024-02-12,23.0,0.515,0.7475175989417184,0.7273495410170974,0.020168057924621063
908510,2024-02-12,24.0,0.529,0.44495906892142256,0.4388232835074745,0.006135785413948047
908510,2024-02-12,25.0,0.902,0.7861746908873086,0.7840409455414733,0.002133745345835325
908510,2024-02-12,26.0,0.16,0.708031592065003,0.6046954845489059,0.10333610751609712
908510,2024-02-12,27.0,0.76,0.7173663178645893,0.6565416410068474,0.060824676857741844
908510,2024-02-12,28.0,0.806,0.8946295738024781,0.7994877208092107,0.09514185299326738
908510,2024-02-12,29.0,0.021,0.3991164812039674,0.48128298359003674,-0.08216650238606932
908510,2024-02-12,30.0,0.722,0.6816489026273254,0.584444690336509,0.09720421229081633
908510,2024-02-12,31.0,0.485,0.6665958872270291,0.622007965799625,0.04458792142740409
908510,2024-02-12,32.0,0.002,0.327025343351269,0.3537800625146585,-0.026754719163389507
908510,2024-02-12,33.0,0.725,0.4540170732607242,0.4094094763951976,0.04460759686552662
908510,2024-02-12,34.0,0.4,0.5942610676502678,0.5064684345465758,0.08779263310369201
908510,2024-02-12,35.0,0.075,0.18008920834896397,0.22583375431341443,-0.04574454596445046
908510,2024-02-12,36.0,0.378,0.4339396924260213,0.4075243908699634,0.026415301556057924
908510,2024-02-12,37.0,0.083,0.46617198347040445,0.34847167880116875,0.1177003046692357
908510,2024-02-12,38.0,0.003,0.12743285537766916,0.21379257910073493,-0.08635972372306577
908510,2024-02-12,39.0,0.0,0.15343976441720444,0.19962676293223297,-0.04618699851502853
908510,2024-02-12,40.0,0.0,0.07949116859946731,0.1628808363416939,-0.08338966774222659
908510,2024-02-12,41.0,0.002,0.03716292128865422,0.10105691393341565,-0.06389399264476142
908510,2024-02-12,42.0,0.0,0.036786195757214445,0.1101614662444054,-0.07337527048719095
908510,2024-02-12,43.0,0.002,0.03347162469935084,0.07909979862128971,-0.045628173921938874
908510,2024-02-12,44.0,0.004,0.05417156157112729,0.12390856908865389,-0.0697370075175266
908510,2024-02-12,45.0,0.0,0.04411994842234862,0.10944063950246516,-0.06532069108011654
908510,2024-02-12,46.0,0.002,0.04474468434784215,0.11493937177411319,-0.07019468742627104
908510,2024-02-12,47.0,0.0,0.040462589967347515,0.10969075519839312,-0.06922816523104561
908510,2024-02-12,48.0,0.0,0.04839127084664187,0.13648093343713372,-0.08808966259049185
908510,2024-02-12,49.0,0.002,0.07247251109724431,0.12027517244749023,-0.04780266135024591
908510,2024-02-12,50.0,0.002,0.061687713344115463,0.13931743750537948,-0.07762972416126401
908510,2024-02-12,51.0,0.0,0.060799469406691876,0.10795431012101414,-0.047154840714322264
908510,2024-02-12,52.0,0.003,0.05094371371949852,0.1375715898519216,-0.08662787613242309
908510,2024-02-12,53.0,0.002,0.0490743840501169,0.131629640322711,-0.08255525627259408
908510,2024-02-12,54.0,0.004,0.05776854925123188,0.11284100045412435,-0.05507245120289247
908510,2024-02-12,55.0,0.0,0.05975622730323125,0.11284100045412435,-0.0530847731508931
908510,2024-02-12,56.0,0.004,0.04850279347630038,0.13392839893055405,-0.08542560545425368
908510,2024-02-12,57.0,0.002,0.05695589911408031,0.13764230191938806,-0.08068640280530776
908510,2024-02-12,58.0,0.003,0.0640761047772406,0.13139554672882275,-0.06731944195158215
908510,2024-02-12,59.0,0.0,0.076987485810478,0.14088715700299564,-0.06389967119251765
908510,2024-02-12,60.0,0.004,0.08619067549965334,0.18922440655194445,-0.1030337310522911
908510,2024-02-12,61.0,0.0,0.08820550327181693,0.22087294196024163,-0.13266743868842468
908510,2024-02-12,62.0,0.002,0.09558325852879425,0.22830542121376304,-0.13272216268496878
908510,2024-02-12,63.0,0.004,0.08283381326058738,0.21817357095585999,-0.13533975769527262
908510,2024-02-12,64.0,0.0,0.10763782393171509,0.2853167558489835,-0.17767893191726844
908510,2024-02-12,65.0,0.004,0.10102546519348339,0.2611918661779807,-0.1601664009844973
908510,2024-02-12,66.0,0.013,0.11164311846918323,0.3465182360492932,-0.23487511758010998
908510,2024-02-12,67.0,0.002,0.13631858893599513,0.32922621356924103,-0.1929076246332459
908510,2024-02-12,68.0,0.005,0.1381471042199361,0.3645135201114352,-0.22636641589149908
908510,2024-02-12,69.0,0.014,0.15781379116041974,0.36070302226644163,-0.2028892311060219
908510,2024-02-12,70.0,0.0,0.18166296521394476,0.3661974321235401,-0.18453446690959535
908510,2024-02-12,71.0,0.003,0.16381327077455168,0.3897327529098342,-0.22591948213528254
908510,2024-02-12,72.0,0.01,0.13611060061465885,0.3909191249286766,-0.25480852431401774
908510,2024-02-12,73.0,0.06,0.17017714710397366,0.39560112527593005,-0.2254239781719564
908510,2024-02-12,74.0,0.006,0.13032737501046493,0.4046672263576447,-0.27433985134717975
908510,2024-02-12,75.0,0.002,0.17042564322792308,0.39583130306251624,-0.22540565983459315
908510,2024-02-12,76.0,0.357,0.333517512137178,0.4697592449938885,-0.13624173285671048
908510,2024-02-12,77.0,0.132,0.46651237283809727,0.5944696218779643,-0.127957249039867
908510,2024-02-12,78.0,0.979,0.2399240852484007,0.42362428351272646,-0.18370019826432576
908510,2024-02-12,79.0,0.649,0.3988125003181166,0.4803540402502757,-0.08154153993215912
908510,2024-02-12,80.0,0.804,0.4382631055993816,0.5584950627165448,-0.12023195711716322
908510,2024-02-12,81.0,0.873,0.19633988711657263,0.3800431070772333,-0.1837032199606607
908510,2024-02-12,82.0,0.937,0.36976424495874444,0.43385350934424066,-0.06408926438549623
908510,2024-02-12,83.0,0.156,0.4174083716528432,0.5427256626551521,-0.12531729100230887
908510,2024-02-12,84.0,0.181,0.13639580263203763,0.261719316938229,-0.12532351430619135
908510,2024-02-12,85.0,0.117,0.1738893034742072,0.259824627306387,-0.0859353238321798
908510,2024-02-12,86.0,0.115,0.15239159454908693,0.25022679477729265,-0.09783520022820572
908510,2024-02-12,87.0,0.098,0.18263229502208292,0.3069791812994429,-0.12434688627735999
908510,2024-02-12,88.0,0.304,0.2516338609436935,0.3565295895564528,-0.10489572861275931
908510,2024-02-12,89.0,1.177,0.31485266763907077,0.36446615304684243,-0.04961348540777166
908510,2024-02-12,90.0,0.595,0.16354725093870093,0.3174922519976171,-0.15394500105891618
908510,2024-02-12,91.0,0.066,0.21728430867251872,0.2907574737306136,-0.0734731650580949
908510,2024-02-12,92.0,0.049,0.21780868414881518,0.3747253406674647,-0.15691665651864953
908510,2024-02-12,93.0,0.205,0.2896330795896846,0.35852871266440883,-0.06889563307472424
908510,2024-02-12,94.0,0.844,0.31921559360827295,0.4518552463169364,-0.13263965270866346
908510,2024-02-12,95.0,0.408,0.19150529872404415,0.31759365966028913,-0.12608836093624498
9816877,2023-11-13,0.0,0.004,0.5401755353969658,0.4741579803640894,0.06601755503287643
9816877,2023-11-13,1.0,0.004,0.5109477447073821,0.4629496559423425,0.04799808876503964
9816877,2023-11-13,2.0,0.001,0.5144407988582737,0.4661724597848249,0.04826833907344874
9816877,2023-11-13,3.0,0.001,0.4632836706453765,0.4623395620370802,0.0009441086082963013
9816877,2023-11-13,4.0,0.001,0.5828227957846185,0.47073204903608995,0.11209074674852854
9816877,2023-11-13,5.0,0.155,0.5631252079308765,0.46934247683371294,0.09378273109716356
9816877,2023-11-13,6.0,0.109,0.5897114785376537,0.49306226087572935,0.09664921766192436
9816877,2023-11-13,7.0,0.099,0.6520382097905378,0.5168898472495312,0.1351483625410066
9816877,2023-11-13,8.0,0.095,0.6397797902031722,0.5130249147145616,0.12675487548861064
9816877,2023-11-13,9.0,0.096,0.4803537648645385,0.4516984570696567,0.02865530779488179
9816877,2023-11-13,10.0,0.406,0.4904200178634994,0.4422406715790888,0.04817934628441062
9816877,2023-11-13,11.0,0.465,0.5035856214231786,0.46953519769360147,0.03405042372957717
9816877,2023-11-13,12.0,0.458,0.4725593014603172,0.43365200868682857,0.038907292773488644
9816877,2023-11-13,13.0,0.443,0.6257431358119516,0.4948905599754971,0.13085257583645454
9816877,2023-11-13,14.0,0.442,0.6425641429231337,0.5068155896788177,0.135748553244316
9816877,2023-11-13,15.0,0.407,0.6167821988117625,0.5163358141639057,0.10044638464785682
9816877,2023-11-13,16.0,0.15,0.6403348792923376,0.5184113433254264,0.12192353596691119
9816877,2023-11-13,17.0,0.161,0.643240216153713,0.5123722787315802,0.13086793742213276
9816877,2023-11-13,18.0,0.137,0.6463900096095614,0.5232366519370395,0.12315335767252189
9816877,2023-11-13,19.0,0.133,0.6479876357929057,0.52619247607678,0.12179515971612576
9816877,2023-11-13,20.0,0.361,0.6214533022238482,0.5499122379795318,0.07154106424431639
9816877,2023-11-13,21.0,0.518,0.6249471609982233,0.5480784914308658,0.0768686695673575
9816877,2023-11-13,22.0,0.546,0.6682678722460522,0.5488802245200946,0.11938764772595767
9816877,2023-11-13,23.0,0.562,0.6906062811916778,0.5645015596305649,0.12610472156111285
9816877,2023-11-13,24.0,0.547,0.6735693501427867,0.5502818130898941,0.12328753705289264
9816877,2023-11-13,25.0,0.738,0.6538701933258572,0.5380659016804208,0.11580429164543637
9816877,2023-11-13,26.0,0.55,0.6305891532906513,0.5421241625129194,0.08846499077773196
9816877,2023-11-13,27.0,0.328,0.5289151871732266,0.5056285949370255,0.02328659223620111
9816877,2023-11-13,28.0,0.32,0.48665902516670084,0.47547794690755796,0.011181078259142885
9816877,2023-11-13,29.0,0.208,0.434328727308737,0.4069372919175443,0.02739143539119271
9816877,2023-11-13,30.0,0.029,0.41235664118437443,0.44630299989008587,-0.033946358705711444
9816877,2023-11-13,31.0,0.007,0.42625562896716507,0.43770641150436074,-0.01145078253719567
9816877,2023-11-13,32.0,0.285,0.28039612583545215,0.4000842602605972,-0.11968813442514503
9816877,2023-11-13,33.0,0.254,0.1701990167233457,0.39914509927370057,-0.22894608255035487
9816877,2023-11-13,34.0,0.262,0.1414246353810625,0.3789877905478902,-0.23756315516682772
9816877,2023-11-13,35.0,0.294,0.06294750158008182,0.35283657729088624,-0.2898890757108044
9816877,2023-11-13,36.0,0.003,0.04845197153999369,0.33680716553363377,-0.28835519399364007
9816877,2023-11-13,37.0,0.002,0.07205500979830481,0.34298957333486013,-0.2709345635365553
9816877,2023-11-13,38.0,0.001,0.046824415794849444,0.3310186346184323,-0.28419421882358287
9816877,2023-11-13,39.0,0.004,0.07890769312981831,0.3186407764627106,-0.23973308333289228
9816877,2023-11-13,40.0,0.009,0.08386658953812336,0.31359681794963834,-0.22973022841151497
9816877,2023-11-13,41.0,0.246,0.08402741552483366,0.31359681794963834,-0.22956940242480467
9816877,2023-11-13,42.0,0.29,0.07530671797215743,0.3124881814741788,-0.23718146350202135
9816877,2023-11-13,43.0,0.597,0.03870584560960501,0.28688969004004544,-0.24818384443044045
9816877,2023-11-13,44.0,0.596,0.06562979035991097,0.3185275987279421,-0.25289780836803116
9816877,2023-11-13,45.0,0.414,0.042879131290722405,0.3171377871239237,-0.2742586558332013
9816877,2023-11-13,46.0,0.171,0.04450167555566045,0.3109507211681103,-0.26644904561244986
9816877,2023-11-13,47.0,0.009,0.03194148102270606,0.29042688335484207,-0.258485402332136
9816877,2023-11-13,48.0,0.005,0.03835293635283791,0.3079684560813373,-0.2696155197284994
9816877,2023-11-13,49.0,0.01,0.030449966511496975,0.3079684560813373,-0.2775184895698404
9816877,2023-11-13,50.0,0.01,0.08139779197215782,0.327209821339768,-0.24581202936761018
9816877,2023-11-13,51.0,0.008,0.0498589727533541,0.3079684560813373,-0.2581094833279832
9816877,2023-11-13,52.0,0.189,0.059586195683675264,0.3079684560813373,-0.24838226039766206
9816877,2023-11-13,53.0,0.109,0.045003376459250496,0.3079684560813373,-0.2629650796220868
9816877,2023-11-13,54.0,0.046,0.030766636127262836,0.3079684560813373,-0.2772018199540745
9816877,2023-11-13,55.0,0.128,0.04882232396601176,0.3079684560813373,-0.25914613211532556
9816877,2023-11-13,56.0,0.002,0.023680475848121888,0.3079684560813373,-0.28428798023321544
9816877,2023-11-13,57.0,0.008,0.05323027346229648,0.30961006239850847,-0.256379788936212
9816877,2023-11-13,58.0,0.005,0.04224753083723854,0.3211915696250805,-0.27894403878784196
9816877,2023-11-13,59.0,0.042,0.08064055280287072,0.3248018478452573,-0.24416129504238657
9816877,2023-11-13,60.0,0.051,0.07402279666875189,0.3305867474732384,-0.2565639508044865
9816877,2023-11-13,61.0,0.331,0.04650138149325036,0.3526646684802009,-0.30616328698695056
9816877,2023-11-13,62.0,0.643,0.07264353413601897,0.3620140616796947,-0.2893705275436757
9816877,2023-11-13,63.0,0.559,0.08596909447836315,0.3692424375899418,-0.28327334311157865
9816877,2023-11-13,64.0,0.774,0.11053262393105666,0.39614676318061104,-0.28561413924955437
9816877,2023-11-13,65.0,1.009,0.061724581669350555,0.39020357139565465,-0.32847898972630407
9816877,2023-11-13,66.0,0.706,0.09702015122734814,0.3909017726983482,-0.29388162147100005
9816877,2023-11-13,67.0,0.457,0.13351751879812102,0.3924587835475923,-0.25894126474947127
9816877,2023-11-13,68.0,0.496,0.23778134780759347,0.424521712530646,-0.18674036472305255
9816877,2023-11-13,69.0,0.457,0.22773209208731124,0.47218366910949594,-0.2444515770221847
9816877,2023-11-13,70.0,0.436,0.2174830006036038,0.47722902081748414,-0.2597460202138804
9816877,2023-11-13,71.0,0.462,0.22938870413115184,0.4810176690832018,-0.25162896495205
9816877,2023-11-13,72.0,0.622,0.41321609443614643,0.48421477077493985,-0.07099867633879342
9816877,2023-11-13,73.0,0.613,0.438708448212642,0.4942565615977009,-0.05554811338505894
9816877,2023-11-13,74.0,0.633,0.43877825637874635,0.4921708058436622,-0.05339254946491584
9816877,2023-11-13,75.0,0.412,0.43135809881631604,0.4997868203540871,-0.06842872153777108
9816877,2023-11-13,76.0,0.232,0.383482295039717,0.4763008020156996,-0.0928185069759826
9816877,2023-11-13,77.0,0.214,0.5546433036764731,0.5240181489666486,0.03062515470982452
9816877,2023-11-13,78.0,0.2,0.650801005176765,0.5869007021617372,0.0639003030150278
9816877,2023-11-13,79.0,0.195,0.5891859174518373,0.5506090122660202,0.038576905185817134
9816877,2023-11-13,80.0,0.208,0.6473523953988266,0.5607959951457306,0.08655640025309597
9816877,2023-11-13,81.0,0.207,0.5351297826548417,0.5300286893918407,0.005101093263001011
9816877,2023-11-13,82.0,0.397,0.6206094930498273,0.5334647243818256,0.0871447686680017
9816877,2023-11-13,83.0,0.527,0.6138276698551824,0.545992412007366,0.06783525784781641
9816877,2023-11-13,84.0,0.533,0.6239230275351445,0.5359085290614797,0.08801449847366483
9816877,2023-11-13,85.0,0.568,0.6437958916456962,0.5459308750887044,0.09786501655699176
9816877,2023-11-13,86.0,0.234,0.6289104018598292,0.5503814961900422,0.07852890566978699
9816877,2023-11-13,87.0,0.225,0.6398926325030069,0.5447866607613668,0.09510597174164004
9816877,2023-11-13,88.0,0.361,0.6332656956871369,0.5211292905935963,0.11213640509354061
9816877,2023-11-13,89.0,0.457,0.6346617232201177,0.509661023801295,0.12500069941882275
9816877,2023-11-13,90.0,0.351,0.45510524405146546,0.4902176785985233,-0.035112434547057814
9816877,2023-11-13,91.0,0.356,0.6492814045426977,0.5180988042963657,0.131182600246332
9816877,2023-11-13,92.0,0.368,0.6390256221066475,0.5115595732314114,0.12746604887523605
9816877,2023-11-13,93.0,0.279,0.6390256221066475,0.5115595732314114,0.12746604887523605
9816877,2023-11-13,94.0,0.438,0.537836497822467,0.4924633173339517,0.0453731804885153
9816877,2023-11-13,95.0,0.505,0.5122173700766021,0.4647726225689016,0.04744474750770045
9981041,2023-07-23,0.0,0.234,0.09070015403431074,0.15127077397511293,-0.06057061994080219
9981041,2023-07-23,1.0,0.084,0.09135853444488379,0.14766804195328245,-0.056309507508398665
9981041,2023-07-23,2.0,0.091,0.08015738865741516,0.09893342356885049,-0.018776034911435327
9981041,2023-07-23,3.0,0.087,0.08817224170707663,0.11621616239227592,-0.028043920685199286
9981041,2023-07-23,4.0,0.09,0.08977784726714369,0.13209407776730517,-0.04231623050016148
9981041,2023-07-23,5.0,0.095,0.07847615177472651,0.10551701810439462,-0.02704086632966811
9981041,2023-07-23,6.0,0.086,0.09269285261841498,0.12087079845363599,-0.028177945835221013
9981041,2023-07-23,7.0,0.099,0.09235956569396378,0.11634992040940009,-0.023990354715436313
9981041,2023-07-23,8.0,0.098,0.09012924771689801,0.11678759664997204,-0.026658348933074033
9981041,2023-07-23,9.0,0.092,0.0932791382631219,0.12068717673662814,-0.027408038473506244
9981041,2023-07-23,10.0,0.102,0.09022882366667065,0.11536383930033482,-0.025135015633664173
9981041,2023-07-23,11.0,0.091,0.08621086348519949,0.1144900127482033,-0.028279149263003803
9981041,2023-07-23,12.0,0.088,0.09150732213591223,0.11330895946166546,-0.02180163732575323
9981041,2023-07-23,13.0,0.103,0.0867861341038243,0.11262345254225058,-0.02583731843842628
9981041,2023-07-23,14.0,0.081,0.08863533206880918,0.11714597950922916,-0.02851064744041998
9981041,2023-07-23,15.0,0.093,0.08995960555615501,0.11143174016813502,-0.021472134611980012
9981041,2023-07-23,16.0,0.101,0.08700727571554533,0.11037658269209834,-0.02336930697655301
9981041,2023-07-23,17.0,0.089,0.08633705461435268,0.1074668989652068,-0.02112984435085412
9981041,2023-07-23,18.0,0.072,0.056947194520853076,0.09906835147292178,-0.04212115695206871
9981041,2023-07-23,19.0,0.32,0.058436816122899,0.09462027751413835,-0.03618346139123935
9981041,2023-07-23,20.0,0.085,0.08450287496839701,0.16034135088694065,-0.07583847591854365
9981041,2023-07-23,21.0,0.104,0.12332611007703378,0.16068797517440772,-0.037361865097373936
9981041,2023-07-23,22.0,0.15,0.05247022454034642,0.0947722739919155,-0.042302049451569075
9981041,2023-07-23,23.0,0.038,0.053606233172718336,0.08949256164787596,-0.035886328475157624
9981041,2023-07-23,24.0,0.009,0.046667892339623124,0.08576377082175467,-0.039095878482131544
9981041,2023-07-23,25.0,0.196,0.09102607940969065,0.12579555874297968,-0.03476947933328903
9981041,2023-07-23,26.0,0.127,0.05416607915080202,0.0892795699196711,-0.035113490768869084
9981041,2023-07-23,27.0,0.097,0.020926185225752972,0.0515959472714989,-0.03066976204574593
9981041,2023-07-23,28.0,0.328,0.010805015206811666,0.03084746811579116,-0.020042452908979495
9981041,2023-07-23,29.0,0.0,0.009994163306469565,0.045737736234096306,-0.03574357292762674
9981041,2023-07-23,30.0,0.0,0.00022906992355778682,0.02510732710074286,-0.024878257177185073
9981041,2023-07-23,31.0,0.0,0.012469690945009687,0.043960490511342966,-0.03149079956633328
9981041,2023-07-23,32.0,0.002,0.0029795608627262594,0.04754027197649042,-0.04456071111376416
9981041,2023-07-23,33.0,0.007,0.003994086579244194,0.03010596560730188,-0.026111879028057686
9981041,2023-07-23,34.0,0.019,0.0008281633172642271,0.022820622271290184,-0.021992458954025955
9981041,2023-07-23,35.0,0.0,0.002442421034755478,0.011352846894069124,-0.008910425859313646
9981041,2023-07-23,36.0,0.0,0.0,0.0672567079461193,-0.0672567079461193
9981041,2023-07-23,37.0,0.0,0.0,0.05739311500314391,-0.05739311500314391
9981041,2023-07-23,38.0,0.004,0.020489803655784216,0.046798979404539275,-0.02630917574875506
9981041,2023-07-23,39.0,0.013,0.008839977555553649,0.04487218663741569,-0.03603220908186204
9981041,2023-07-23,40.0,0.195,0.0166332576259447,0.054772713469701965,-0.03813945584375726
9981041,2023-07-23,41.0,0.0,0.0,0.04656591894730418,-0.04656591894730418
9981041,2023-07-23,42.0,0.004,0.0,0.017032938491361418,-0.017032938491361418
9981041,2023-07-23,43.0,0.002,0.039255370339978106,0.09478581464921335,-0.05553044430923524
9981041,2023-07-23,44.0,0.0,0.0,0.04541605084610161,-0.04541605084610161
9981041,2023-07-23,45.0,0.002,0.0014246469237193219,0.05517914908551596,-0.053754502161796634
9981041,2023-07-23,46.0,0.0,0.0013408977395622018,0.011369237303763581,-0.010028339564201379
9981041,2023-07-23,47.0,0.0,0.0026673550401480547,0.022139688308787927,-0.019472333268639872
9981041,2023-07-23,48.0,0.072,0.002266721690761531,0.020313054349759708,-0.018046332658998177
9981041,2023-07-23,49.0,0.202,0.007817371464440405,0.02758295400384771,-0.019765582539407307
9981041,2023-07-23,50.0,0.008,0.002266721690761531,0.020313054349759708,-0.018046332658998177
9981041,2023-07-23,51.0,0.0,0.0,0.026712575161740467,-0.026712575161740467
9981041,2023-07-23,52.0,0.001,0.0013476919397992333,0.020313054349759708,-0.018965362409960475
9981041,2023-07-23,53.0,0.016,0.0014369153346768181,0.025387265377916125,-0.023950350043239307
9981041,2023-07-23,54.0,0.002,0.0020022036607735077,0.020313054349759708,-0.0183108506889862
9981041,2023-07-23,55.0,0.0,0.01566191350108527,0.059279456150780764,-0.043617542649695494
9981041,2023-07-23,56.0,0.0,0.009332872869927969,0.07386025441180911,-0.06452738154188115
9981041,2023-07-23,57.0,0.0,0.0002101148813717077,0.0413670127092022,-0.04115689782783049
9981041,2023-07-23,58.0,0.0,0.0018117351735734415,0.023432639916603507,-0.021620904743030064
9981041,2023-07-23,59.0,0.0,0.015440640586028289,0.04775970629317155,-0.03231906570714326
9981041,2023-07-23,60.0,0.026,0.009668407282600253,0.033522434327978905,-0.023854027045378652
9981041,2023-07-23,61.0,0.007,0.0,0.028279675538378075,-0.028279675538378075
9981041,2023-07-23,62.0,0.19,0.035755721702455515,0.0648959654990299,-0.029140243796574386
9981041,2023-07-23,63.0,0.275,0.06216994089548448,0.10747938479866664,-0.045309443903182166
9981041,2023-07-23,64.0,0.131,0.09829355660311033,0.15619803041106603,-0.0579044738079557
9981041,2023-07-23,65.0,0.057,0.0814122071113296,0.11452580296767588,-0.03311359585634628
9981041,2023-07-23,66.0,0.018,0.07097533465196451,0.11482787936008818,-0.043852544708123664
9981041,2023-07-23,67.0,0.054,0.07551133886161394,0.12414207009697517,-0.04863073123536123
9981041,2023-07-23,68.0,0.108,0.12529865539668736,0.15621611646357375,-0.030917461066886393
9981041,2023-07-23,69.0,0.073,0.13611914245658854,0.16407948364845104,-0.027960341191862498
9981041,2023-07-23,70.0,0.134,0.08652145700138576,0.14105155485348578,-0.054530097852100015
9981041,2023-07-23,71.0,0.125,0.07455378191766955,0.12711692362495952,-0.05256314170728997
9981041,2023-07-23,72.0,0.144,0.08287086589692216,0.16374021734097768,-0.08086935144405552
9981041,2023-07-23,73.0,0.15,0.13892478701011043,0.18051962731300333,-0.0415948403028929
9981041,2023-07-23,74.0,0.555,0.13176399270326883,0.19504500434496283,-0.063281011641694
9981041,2023-07-23,75.0,0.507,0.1741355026413526,0.24633619448257096,-0.07220069184121836
9981041,2023-07-23,76.0,0.577,0.17188069927137278,0.2373371587762645,-0.0654564595048917
9981041,2023-07-23,77.0,0.246,0.15607810269108488,0.20383924460078698,-0.0477611419097021
9981041,2023-07-23,78.0,0.259,0.16335131387854662,0.2236631331419543,-0.06031181926340767
9981041,2023-07-23,79.0,0.252,0.17212119748819968,0.22264985149761002,-0.05052865400941034
9981041,2023-07-23,80.0,0.253,0.14151810853529737,0.1934820487448017,-0.051963940209504345
9981041,2023-07-23,81.0,0.254,0.14041611232043252,0.18998238225247377,-0.049566269932041246
9981041,2023-07-23,82.0,0.115,0.1264765782691479,0.15757350281879456,-0.03109692454964666
9981041,2023-07-23,83.0,0.084,0.11508054058434518,0.14590458393355527,-0.030824043349210087
9981041,2023-07-23,84.0,0.092,0.10747684805348313,0.14801053857791954,-0.04053369052443641
9981041,2023-07-23,85.0,0.092,0.09245134928296156,0.12810874990389656,-0.035657400620935004
9981041,2023-07-23,86.0,0.08,0.08825599128566809,0.13142711492932932,-0.04317112364366123
9981041,2023-07-23,87.0,0.097,0.08749279932349618,0.1284813599714397,-0.04098856064794351
9981041,2023-07-23,88.0,1.199,0.2000367832425712,0.37034109004186483,-0.17030430679929362
9981041,2023-07-23,89.0,0.083,0.11692562163603773,0.2669589566971188,-0.15003333506108105
9981041,2023-07-23,90.0,0.093,0.09265389829283194,0.14814507861207715,-0.055491180319245215
9981041,2023-07-23,91.0,0.085,0.09454594258184318,0.14784660796231047,-0.053300665380467294
9981041,2023-07-23,92.0,0.078,0.104318143585722,0.15412693133325772,-0.04980878774753572
9981041,2023-07-23,93.0,0.098,0.09286141590894736,0.13471630424548456,-0.041854888336537194
9981041,2023-07-23,94.0,0.078,0.090890246869271,0.12745348415662372,-0.03656323728735272
9981041,2023-07-23,95.0,0.083,0.09185113168907139,0.1334353368778042,-0.04158420518873282
